PRAGMA foreign_keys = false;
INSERT INTO T_PROJECT (
	F_PROJECT_ID,
	F_PROJECT_NAME,
	F_GRADLE_NAME,
	F_TITLE,
	F_DESCRIPTION,
	F_NOTE,
	F_COPYRIGHTS,
	F__LAST_UPDATED_AT
) VALUES
	(1,'com.github.vvorks.builder','main','ビルダープロジェクト','自己記述プロジェクト','','Apache License v2.0',(strftime('%s', 'now') * 1000)),
	(2,'test','test','テストプロジェクト','記述テスト用プロジェクト','','Apache License v2.0',(strftime('%s', 'now') * 1000))
ON CONFLICT DO NOTHING;
INSERT INTO T_CLASS (
	F_CLASS_ID,
	F_OWNER_PROJECT_ID,
	F_CLASS_NAME,
	F_ORDER_EXPR,
	F_TITLE_EXPR,
	F_LABEL_RESOURCE_ID,
	F_TITLE,
	F_DESCRIPTION,
	F_NOTE,
	F__LAST_UPDATED_AT
) VALUES
	(1,1,'Project','projectId','projectName+''(''+title+'')''',0,'プロジェクト',NULL,NULL,(strftime('%s', 'now') * 1000)),
	(2,1,'Class','classId','className+''(''+title+'')''',0,'クラス',NULL,NULL,(strftime('%s', 'now') * 1000)),
	(3,1,'Field','fieldId','owner.className+''/''+fieldName',0,'フィールド',NULL,NULL,(strftime('%s', 'now') * 1000)),
	(4,1,'Query','queryId','title',0,'クエリー',NULL,NULL,(strftime('%s', 'now') * 1000)),
	(5,1,'Enum','enumId','enumName+''(''+title+'')''',0,'列挙',NULL,NULL,(strftime('%s', 'now') * 1000)),
	(6,1,'EnumValue','code','valueId',0,'列挙値',NULL,NULL,(strftime('%s', 'now') * 1000)),
	(7,1,'Message','messageId','messageName',0,'メッセージ',NULL,NULL,(strftime('%s', 'now') * 1000)),
	(8,1,'Resource','resourceId','defaultValue',0,'リソース',NULL,NULL,(strftime('%s', 'now') * 1000)),
	(9,1,'LocalizedResource','owner.resourceId, locale','value',0,'ローカライズドリソース',NULL,NULL,(strftime('%s', 'now') * 1000)),
	(10,2,'Otamesshi','otameshiId','otameshiId',0,'お試しクラス','お試しクラスです。','お試しが終わったら消す事',(strftime('%s', 'now') * 1000)),
	(11,2,'Namihei','namiheiId','name',0,'波平',NULL,NULL,(strftime('%s', 'now') * 1000)),
	(12,2,'Sazae','sazaeId','name',0,'サザエ',NULL,NULL,(strftime('%s', 'now') * 1000)),
	(13,2,'Katsuo','katsuoId','name',0,'カツオ',NULL,NULL,(strftime('%s', 'now') * 1000)),
	(14,2,'Wakame','wakameId','name',0,'ワカメ',NULL,NULL,(strftime('%s', 'now') * 1000)),
	(15,2,'Tara','taraId','name',0,'タラ',NULL,NULL,(strftime('%s', 'now') * 1000))
ON CONFLICT DO NOTHING;
INSERT INTO T_FIELD (
	F_FIELD_ID,
	F_OWNER_CLASS_ID,
	F_FIELD_NAME,
	F_TYPE,
	F_WIDTH,
	F_SCALE,
	F_CREF_CLASS_ID,
	F_EREF_ENUM_ID,
	F_FREF_FIELD_ID,
	F_PK,
	F_NULLABLE,
	F_NEEDS_SUM,
	F_NEEDS_AVG,
	F_NEEDS_MAX,
	F_NEEDS_MIN,
	F_LABEL_RESOURCE_ID,
	F_FORMAT_RESOURCE_ID,
	F_TITLE,
	F_DESCRIPTION,
	F_NOTE,
	F__LAST_UPDATED_AT
) VALUES
	(1,1,'projectId','KEY',0,0,0,0,0,1,0,0,0,0,0,1001,0,'プロジェクトID','','（代理キー）',(strftime('%s', 'now') * 1000)),
	(2,1,'projectName','STRING',0,0,0,0,0,0,0,0,0,0,0,1002,0,'プロジェクト名','','ベースパッケージ名を兼ねる',(strftime('%s', 'now') * 1000)),
	(3,1,'gradleName','STRING',0,0,0,0,0,0,0,0,0,0,0,1003,0,'gradleサブプロジェクト名','','',(strftime('%s', 'now') * 1000)),
	(4,1,'title','STRING',0,0,0,0,0,0,0,0,0,0,0,1004,0,'タイトル','仕様書生成用見出し',NULL,(strftime('%s', 'now') * 1000)),
	(5,1,'description','STRING',0,0,0,0,0,0,1,0,0,0,0,1005,0,'説明','仕様書生成用説明文',NULL,(strftime('%s', 'now') * 1000)),
	(6,1,'note','STRING',0,0,0,0,0,0,1,0,0,0,0,1006,0,'メモ',NULL,NULL,(strftime('%s', 'now') * 1000)),
	(7,1,'copyrights','STRING',0,0,0,0,0,0,1,0,0,0,0,1007,0,'著作権',NULL,NULL,(strftime('%s', 'now') * 1000)),
	(8,1,'classes','SET',0,0,0,0,13,0,0,0,0,0,0,1008,0,'クラス一覧',NULL,NULL,(strftime('%s', 'now') * 1000)),
	(9,1,'enums','SET',0,0,0,0,52,0,0,0,0,0,0,1009,0,'列挙一覧',NULL,NULL,(strftime('%s', 'now') * 1000)),
	(10,1,'messages','SET',0,0,0,0,66,0,0,0,0,0,0,1010,0,'メッセージ一覧',NULL,NULL,(strftime('%s', 'now') * 1000)),
	(11,1,'resources','SET',0,0,0,0,70,0,0,0,0,0,0,1011,0,'リソース一覧',NULL,NULL,(strftime('%s', 'now') * 1000)),
	(12,2,'classId','KEY',0,0,0,0,0,1,0,0,0,0,0,1012,0,'クラスID','','（代理キー）',(strftime('%s', 'now') * 1000)),
	(13,2,'owner','REF',0,0,1,0,0,0,0,0,0,0,0,1013,0,'所属プロジェクト','','',(strftime('%s', 'now') * 1000)),
	(14,2,'className','STRING',0,0,0,0,0,0,0,0,0,0,0,1014,0,'クラス名','','',(strftime('%s', 'now') * 1000)),
	(15,2,'orderExpr','STRING',0,0,0,0,0,0,0,0,0,0,0,1015,0,'オーダー式','デフォルトの表示順を表す式',NULL,(strftime('%s', 'now') * 1000)),
	(16,2,'titleExpr','STRING',0,0,0,0,0,0,0,0,0,0,0,1016,0,'タイトル表示式','オブジェクトのタイトルを表現する式',NULL,(strftime('%s', 'now') * 1000)),
	(17,2,'label','REF',0,0,8,0,0,0,0,0,0,0,0,1017,0,'表示ラベル',NULL,NULL,(strftime('%s', 'now') * 1000)),
	(18,2,'title','STRING',0,0,0,0,0,0,0,0,0,0,0,1018,0,'タイトル','仕様書生成用見出し',NULL,(strftime('%s', 'now') * 1000)),
	(19,2,'description','STRING',0,0,0,0,0,0,1,0,0,0,0,1019,0,'説明','仕様書生成用説明文',NULL,(strftime('%s', 'now') * 1000)),
	(20,2,'note','STRING',0,0,0,0,0,0,1,0,0,0,0,1020,0,'メモ',NULL,NULL,(strftime('%s', 'now') * 1000)),
	(21,2,'fields','SET',0,0,0,0,24,0,0,0,0,0,0,1021,0,'フィールド一覧',NULL,NULL,(strftime('%s', 'now') * 1000)),
	(22,2,'queries','SET',0,0,0,0,44,0,0,0,0,0,0,1022,0,'クエリー一覧',NULL,NULL,(strftime('%s', 'now') * 1000)),
	(23,3,'fieldId','KEY',0,0,0,0,0,1,0,0,0,0,0,1023,0,'フィールドID','','（代理キー）',(strftime('%s', 'now') * 1000)),
	(24,3,'owner','REF',0,0,2,0,0,0,0,0,0,0,0,1024,0,'所属クラス','','',(strftime('%s', 'now') * 1000)),
	(25,3,'fieldName','STRING',0,0,0,0,0,0,0,0,0,0,0,1025,0,'フィールド名',NULL,NULL,(strftime('%s', 'now') * 1000)),
	(26,3,'type','ENUM',0,0,0,1,0,0,0,0,0,0,0,1026,0,'フィールド型',NULL,NULL,(strftime('%s', 'now') * 1000)),
	(27,3,'width','INTEGER',32,0,0,0,0,0,0,0,0,0,0,1027,0,'フィールド型の幅',NULL,NULL,(strftime('%s', 'now') * 1000)),
	(28,3,'scale','INTEGER',32,0,0,0,0,0,0,0,0,0,0,1028,0,'フィールド型精度',NULL,NULL,(strftime('%s', 'now') * 1000)),
	(29,3,'cref','REF',0,0,2,0,0,0,0,0,0,0,0,1029,0,'クラス参照先',NULL,NULL,(strftime('%s', 'now') * 1000)),
	(30,3,'eref','REF',0,0,5,0,0,0,0,0,0,0,0,1030,0,'列挙参照先',NULL,NULL,(strftime('%s', 'now') * 1000)),
	(31,3,'fref','REF',0,0,3,0,0,0,0,0,0,0,0,1031,0,'フィールド参照先',NULL,NULL,(strftime('%s', 'now') * 1000)),
	(32,3,'pk','BOOLEAN',0,0,0,0,0,0,0,0,0,0,0,1032,0,'プライマリキー',NULL,NULL,(strftime('%s', 'now') * 1000)),
	(33,3,'nullable','BOOLEAN',0,0,0,0,0,0,0,0,0,0,0,1033,0,'NULL許容',NULL,NULL,(strftime('%s', 'now') * 1000)),
	(34,3,'needsSum','BOOLEAN',0,0,0,0,0,0,0,0,0,0,0,1034,0,'要合計値',NULL,NULL,(strftime('%s', 'now') * 1000)),
	(35,3,'needsAvg','BOOLEAN',0,0,0,0,0,0,0,0,0,0,0,1035,0,'要平均値',NULL,NULL,(strftime('%s', 'now') * 1000)),
	(36,3,'needsMax','BOOLEAN',0,0,0,0,0,0,0,0,0,0,0,1036,0,'要最大値',NULL,NULL,(strftime('%s', 'now') * 1000)),
	(37,3,'needsMin','BOOLEAN',0,0,0,0,0,0,0,0,0,0,0,1037,0,'要最小値',NULL,NULL,(strftime('%s', 'now') * 1000)),
	(38,3,'label','REF',0,0,8,0,0,0,0,0,0,0,0,1038,0,'ラベル','画面用項目ラベル',NULL,(strftime('%s', 'now') * 1000)),
	(39,3,'format','REF',0,0,8,0,0,0,0,0,0,0,0,1039,0,'書式','画面用項目書式',NULL,(strftime('%s', 'now') * 1000)),
	(40,3,'title','STRING',0,0,0,0,0,0,0,0,0,0,0,1040,0,'タイトル','仕様書生成用見出し',NULL,(strftime('%s', 'now') * 1000)),
	(41,3,'description','STRING',0,0,0,0,0,0,1,0,0,0,0,1041,0,'説明','仕様書生成用説明文',NULL,(strftime('%s', 'now') * 1000)),
	(42,3,'note','STRING',0,0,0,0,0,0,1,0,0,0,0,1042,0,'メモ',NULL,NULL,(strftime('%s', 'now') * 1000)),
	(43,4,'queryId','KEY',0,0,0,0,0,1,0,0,0,0,0,1043,0,'クエリーID','','（代理キー）',(strftime('%s', 'now') * 1000)),
	(44,4,'owner','REF',0,0,2,0,0,0,0,0,0,0,0,1044,0,'所属クラス','','',(strftime('%s', 'now') * 1000)),
	(45,4,'queryName','STRING',0,0,0,0,0,0,0,0,0,0,0,1045,0,'クエリー名',NULL,NULL,(strftime('%s', 'now') * 1000)),
	(46,4,'filter','STRING',0,0,0,0,0,0,0,0,0,0,0,1046,0,'抽出条件','抽出条件を式形式で記載する',NULL,(strftime('%s', 'now') * 1000)),
	(47,4,'order','STRING',0,0,0,0,0,0,0,0,0,0,0,1047,0,'ソート条件','ソート条件を式形式で記載する',NULL,(strftime('%s', 'now') * 1000)),
	(48,4,'title','STRING',0,0,0,0,0,0,0,0,0,0,0,1048,0,'タイトル','仕様書生成用見出し',NULL,(strftime('%s', 'now') * 1000)),
	(49,4,'description','STRING',0,0,0,0,0,0,1,0,0,0,0,1049,0,'説明','仕様書生成用説明文',NULL,(strftime('%s', 'now') * 1000)),
	(50,4,'note','STRING',0,0,0,0,0,0,1,0,0,0,0,1050,0,'メモ',NULL,NULL,(strftime('%s', 'now') * 1000)),
	(51,5,'enumId','KEY',0,0,0,0,0,1,0,0,0,0,0,1051,0,'列挙ID','','（代理キー）',(strftime('%s', 'now') * 1000)),
	(52,5,'owner','REF',0,0,1,0,0,0,0,0,0,0,0,1052,0,'所属プロジェクト','','',(strftime('%s', 'now') * 1000)),
	(53,5,'enumName','STRING',0,0,0,0,0,0,0,0,0,0,0,1053,0,'列挙名',NULL,NULL,(strftime('%s', 'now') * 1000)),
	(54,5,'encodeString','BOOLEAN',0,0,0,0,0,0,0,0,0,0,0,1054,0,'文字列エンコード','文字列エンコードする場合、真',NULL,(strftime('%s', 'now') * 1000)),
	(55,5,'title','STRING',0,0,0,0,0,0,0,0,0,0,0,1055,0,'タイトル','仕様書生成用見出し',NULL,(strftime('%s', 'now') * 1000)),
	(56,5,'description','STRING',0,0,0,0,0,0,1,0,0,0,0,1056,0,'説明','仕様書生成用説明文',NULL,(strftime('%s', 'now') * 1000)),
	(57,5,'note','STRING',0,0,0,0,0,0,1,0,0,0,0,1057,0,'メモ',NULL,NULL,(strftime('%s', 'now') * 1000)),
	(58,5,'values','SET',0,0,0,0,59,0,0,0,0,0,0,1058,0,'列挙値一覧','','',(strftime('%s', 'now') * 1000)),
	(59,6,'owner','REF',0,0,5,0,0,1,0,0,0,0,0,1059,0,'所属列挙','','',(strftime('%s', 'now') * 1000)),
	(60,6,'valueId','STRING',0,0,0,0,0,1,0,0,0,0,0,1060,0,'列挙名','','',(strftime('%s', 'now') * 1000)),
	(61,6,'code','INTEGER',32,0,0,0,0,0,0,0,0,0,0,1061,0,'列挙コード',NULL,NULL,(strftime('%s', 'now') * 1000)),
	(62,6,'title','STRING',0,0,0,0,0,0,0,0,0,0,0,1062,0,'タイトル','仕様書生成用見出し',NULL,(strftime('%s', 'now') * 1000)),
	(63,6,'description','STRING',0,0,0,0,0,0,1,0,0,0,0,1063,0,'説明','仕様書生成用説明文',NULL,(strftime('%s', 'now') * 1000)),
	(64,6,'note','STRING',0,0,0,0,0,0,1,0,0,0,0,1064,0,'メモ',NULL,NULL,(strftime('%s', 'now') * 1000)),
	(65,7,'messageId','KEY',0,0,0,0,0,1,0,0,0,0,0,1065,0,'メッセージID','','',(strftime('%s', 'now') * 1000)),
	(66,7,'owner','REF',0,0,1,0,0,0,0,0,0,0,0,1066,0,'所属プロジェクト','','',(strftime('%s', 'now') * 1000)),
	(67,7,'messageName','STRING',0,0,0,0,0,0,0,0,0,0,0,1067,0,'メッセージ名','','',(strftime('%s', 'now') * 1000)),
	(68,7,'message','REF',0,0,8,0,0,0,0,0,0,0,0,1068,0,'メッセージ',NULL,NULL,(strftime('%s', 'now') * 1000)),
	(69,8,'resourceId','KEY',0,0,0,0,0,1,0,0,0,0,0,1069,0,'リソースID','','',(strftime('%s', 'now') * 1000)),
	(70,8,'owner','REF',0,0,1,0,0,0,0,0,0,0,0,1070,0,'所属プロジェクト',NULL,NULL,(strftime('%s', 'now') * 1000)),
	(71,8,'defaultValue','STRING',0,0,0,0,0,0,0,0,0,0,0,1071,0,'既定値',NULL,NULL,(strftime('%s', 'now') * 1000)),
	(72,8,'variations','SET',0,0,0,0,73,0,0,0,0,0,0,1072,0,'ロケール別リソース一覧',NULL,NULL,(strftime('%s', 'now') * 1000)),
	(73,9,'owner','REF',0,0,8,0,0,1,0,0,0,0,0,1073,0,'所属リソース','','',(strftime('%s', 'now') * 1000)),
	(74,9,'locale','STRING',0,0,0,0,0,1,0,0,0,0,0,1074,0,'ロケール',NULL,NULL,(strftime('%s', 'now') * 1000)),
	(75,9,'value','STRING',0,0,0,0,0,0,0,0,0,0,0,1075,0,'値',NULL,NULL,(strftime('%s', 'now') * 1000)),
	(76,10,'otameshiId','KEY',0,0,0,0,0,1,0,0,0,0,0,0,0,'お試しId','お試しIdです','お試しが終わったら消す事',(strftime('%s', 'now') * 1000)),
	(77,10,'owner','REF',0,0,10,0,0,0,0,0,0,0,0,0,0,'','',NULL,(strftime('%s', 'now') * 1000)),
	(78,10,'children','SET',0,0,0,0,77,0,0,0,0,0,0,0,0,'','',NULL,(strftime('%s', 'now') * 1000)),
	(79,10,'related','REF',0,0,10,0,0,0,0,0,0,0,0,0,0,'','',NULL,(strftime('%s', 'now') * 1000)),
	(80,10,'relations','SET',0,0,0,0,79,0,0,0,0,0,0,0,0,'','',NULL,(strftime('%s', 'now') * 1000)),
	(81,10,'booleanValue','BOOLEAN',0,0,0,0,0,0,0,0,0,0,0,0,0,'booleanValue','booleanValueです','お試しが終わったら消す事',(strftime('%s', 'now') * 1000)),
	(82,10,'byteValue','INTEGER',8,0,0,0,0,0,0,1,0,0,0,0,0,'',NULL,'お試しが終わったら消す事',(strftime('%s', 'now') * 1000)),
	(83,10,'shortValue','INTEGER',16,0,0,0,0,0,0,0,1,0,0,0,0,'shortValue',NULL,'お試しが終わったら消す事',(strftime('%s', 'now') * 1000)),
	(84,10,'intValue','INTEGER',32,0,0,0,0,0,0,0,0,1,0,0,0,'intValue','intValueです','お試しが終わったら消す事',(strftime('%s', 'now') * 1000)),
	(85,10,'nullableValue','INTEGER',32,0,0,0,0,0,1,0,0,0,1,0,0,'nullableValue','nullableValueです','お試しが終わったら消す事',(strftime('%s', 'now') * 1000)),
	(86,10,'longValue','INTEGER',64,0,0,0,0,0,0,1,1,1,1,0,0,'longValue','longValueです','お試しが終わったら消す事',(strftime('%s', 'now') * 1000)),
	(87,10,'floatValue','REAL',32,0,0,0,0,0,0,1,1,0,0,0,0,'floatValue','floatValueです','お試しが終わったら消す事',(strftime('%s', 'now') * 1000)),
	(88,10,'doubleValue','REAL',64,0,0,0,0,0,0,0,0,1,1,0,0,'doubleValue',NULL,'お試しが終わったら消す事',(strftime('%s', 'now') * 1000)),
	(89,10,'numericValue','NUMERIC',10,3,0,0,0,0,0,1,1,1,1,0,0,'','numericValueです','お試しが終わったら消す事',(strftime('%s', 'now') * 1000)),
	(90,10,'dateValue','DATE',0,0,0,0,0,0,0,0,0,1,1,0,0,'dateValue','dateValueです','お試しが終わったら消す事',(strftime('%s', 'now') * 1000)),
	(91,10,'strValue','STRING',0,0,0,0,0,0,0,0,0,0,0,0,0,'strValue','strValueです','お試しが終わったら消す事',(strftime('%s', 'now') * 1000)),
	(92,11,'namiheiId','KEY',0,0,0,0,0,1,0,0,0,0,0,0,0,'namiheiId','namiheiIdです','',(strftime('%s', 'now') * 1000)),
	(93,11,'name','STRING',0,0,0,0,0,0,0,0,0,0,0,0,0,'name','nameです',NULL,(strftime('%s', 'now') * 1000)),
	(94,12,'sazaeId','KEY',0,0,0,0,0,1,0,0,0,0,0,0,0,'','','',(strftime('%s', 'now') * 1000)),
	(95,12,'owner','REF',0,0,11,0,0,1,0,0,0,0,0,0,0,'',NULL,NULL,(strftime('%s', 'now') * 1000)),
	(96,12,'name','STRING',0,0,0,0,0,0,0,0,0,0,0,0,0,'name','nameです',NULL,(strftime('%s', 'now') * 1000)),
	(97,13,'katsuoId','KEY',0,0,0,0,0,1,0,0,0,0,0,0,0,'','','',(strftime('%s', 'now') * 1000)),
	(98,13,'owner','REF',0,0,11,0,0,1,0,0,0,0,0,0,0,'',NULL,NULL,(strftime('%s', 'now') * 1000)),
	(99,13,'name','STRING',0,0,0,0,0,0,0,0,0,0,0,0,0,'name','nameです',NULL,(strftime('%s', 'now') * 1000)),
	(100,14,'wakameId','KEY',0,0,0,0,0,1,0,0,0,0,0,0,0,'','','',(strftime('%s', 'now') * 1000)),
	(101,14,'owner','REF',0,0,11,0,0,1,0,0,0,0,0,0,0,'',NULL,NULL,(strftime('%s', 'now') * 1000)),
	(102,14,'name','STRING',0,0,0,0,0,0,0,0,0,0,0,0,0,'name','nameです',NULL,(strftime('%s', 'now') * 1000)),
	(103,15,'taraId','KEY',0,0,0,0,0,1,0,0,0,0,0,0,0,'','','',(strftime('%s', 'now') * 1000)),
	(104,15,'owner','REF',0,0,12,0,0,1,0,0,0,0,0,0,0,'',NULL,NULL,(strftime('%s', 'now') * 1000)),
	(105,15,'name','STRING',0,0,0,0,0,0,0,0,0,0,0,0,0,'name','nameです',NULL,(strftime('%s', 'now') * 1000))
ON CONFLICT DO NOTHING;
INSERT INTO T_QUERY (
	F_QUERY_ID,
	F_OWNER_CLASS_ID,
	F_QUERY_NAME,
	F_FILTER,
	F_ORDER,
	F_TITLE,
	F_DESCRIPTION,
	F_NOTE,
	F__LAST_UPDATED_AT
) VALUES
	(1,1,'nameIs','projectName == $name','','名前',NULL,NULL,(strftime('%s', 'now') * 1000)),
	(2,2,'nameIs','className == $name','','名前',NULL,NULL,(strftime('%s', 'now') * 1000)),
	(3,3,'nameIs','fieldName == $name','','名前',NULL,NULL,(strftime('%s', 'now') * 1000)),
	(4,5,'nameIs','enumName == $name','','名前',NULL,NULL,(strftime('%s', 'now') * 1000)),
	(5,10,'startsFoo','owner.strValue =% ''Foo%'' && owner.owner.strValue =% ''%Bar''','','条件：父がFooで始まり祖父がBarで終わる',NULL,NULL,(strftime('%s', 'now') * 1000)),
	(6,15,'containSazae','owner.name =% ''%サザエ%'' && owner.owner.name =~ ''^[0-9]*$''','','条件：父がサザエを含み祖父が数字',NULL,NULL,(strftime('%s', 'now') * 1000))
ON CONFLICT DO NOTHING;
INSERT INTO T_ENUM (
	F_ENUM_ID,
	F_OWNER_PROJECT_ID,
	F_ENUM_NAME,
	F_ENCODE_STRING,
	F_TITLE,
	F_DESCRIPTION,
	F_NOTE,
	F__LAST_UPDATED_AT
) VALUES
	(1,1,'DataType',1,'データ型',NULL,NULL,(strftime('%s', 'now') * 1000))
ON CONFLICT DO NOTHING;
INSERT INTO T_ENUM_VALUE (
	F_OWNER_ENUM_ID,
	F_VALUE_ID,
	F_CODE,
	F_TITLE,
	F_DESCRIPTION,
	F_NOTE,
	F__LAST_UPDATED_AT
) VALUES
	(1,'KEY',10,'（自動）キー',NULL,NULL,(strftime('%s', 'now') * 1000)),
	(1,'REF',11,'クラス参照型',NULL,NULL,(strftime('%s', 'now') * 1000)),
	(1,'ENUM',12,'列挙参照型',NULL,NULL,(strftime('%s', 'now') * 1000)),
	(1,'SET',13,'集合（被参照）型',NULL,NULL,(strftime('%s', 'now') * 1000)),
	(1,'ENUM_VALUE',14,'列挙値型',NULL,'内部用。モデル定義での使用不可',(strftime('%s', 'now') * 1000)),
	(1,'BOOLEAN',20,'真偽値',NULL,NULL,(strftime('%s', 'now') * 1000)),
	(1,'INTEGER',30,'整数',NULL,NULL,(strftime('%s', 'now') * 1000)),
	(1,'REAL',40,'浮動小数',NULL,NULL,(strftime('%s', 'now') * 1000)),
	(1,'NUMERIC',50,'１０進小数',NULL,NULL,(strftime('%s', 'now') * 1000)),
	(1,'DATE',60,'日付・時刻',NULL,NULL,(strftime('%s', 'now') * 1000)),
	(1,'STRING',70,'文字列',NULL,NULL,(strftime('%s', 'now') * 1000))
ON CONFLICT DO NOTHING;
INSERT INTO T_MESSAGE (
	F_MESSAGE_ID,
	F_OWNER_PROJECT_ID,
	F_MESSAGE_NAME,
	F_MESSAGE_RESOURCE_ID,
	F__LAST_UPDATED_AT
) VALUES
	(1,1,'hello',1,(strftime('%s', 'now') * 1000)),
	(2,1,'bye',2,(strftime('%s', 'now') * 1000))
ON CONFLICT DO NOTHING;
INSERT INTO T_RESOURCE (
	F_RESOURCE_ID,
	F_OWNER_PROJECT_ID,
	F_DEFAULT_VALUE,
	F__LAST_UPDATED_AT
) VALUES
	(1,1,'こんにちは',(strftime('%s', 'now') * 1000)),
	(2,1,'さようなら',(strftime('%s', 'now') * 1000)),
	(1001,1,'プロジェクトID',(strftime('%s', 'now') * 1000)),
	(1002,1,'プロジェクト名',(strftime('%s', 'now') * 1000)),
	(1003,1,'gradleサブプロジェクト名',(strftime('%s', 'now') * 1000)),
	(1004,1,'タイトル',(strftime('%s', 'now') * 1000)),
	(1005,1,'説明',(strftime('%s', 'now') * 1000)),
	(1006,1,'メモ',(strftime('%s', 'now') * 1000)),
	(1007,1,'著作権',(strftime('%s', 'now') * 1000)),
	(1008,1,'クラス一覧',(strftime('%s', 'now') * 1000)),
	(1009,1,'列挙一覧',(strftime('%s', 'now') * 1000)),
	(1010,1,'メッセージ一覧',(strftime('%s', 'now') * 1000)),
	(1011,1,'リソース一覧',(strftime('%s', 'now') * 1000)),
	(1012,1,'クラスID',(strftime('%s', 'now') * 1000)),
	(1013,1,'所属プロジェクト',(strftime('%s', 'now') * 1000)),
	(1014,1,'クラス名',(strftime('%s', 'now') * 1000)),
	(1015,1,'オーダー式',(strftime('%s', 'now') * 1000)),
	(1016,1,'タイトル表示式',(strftime('%s', 'now') * 1000)),
	(1017,1,'表示ラベル',(strftime('%s', 'now') * 1000)),
	(1018,1,'タイトル',(strftime('%s', 'now') * 1000)),
	(1019,1,'説明',(strftime('%s', 'now') * 1000)),
	(1020,1,'メモ',(strftime('%s', 'now') * 1000)),
	(1021,1,'フィールド一覧',(strftime('%s', 'now') * 1000)),
	(1022,1,'クエリー一覧',(strftime('%s', 'now') * 1000)),
	(1023,1,'フィールドID',(strftime('%s', 'now') * 1000)),
	(1024,1,'所属クラス',(strftime('%s', 'now') * 1000)),
	(1025,1,'フィールド名',(strftime('%s', 'now') * 1000)),
	(1026,1,'フィールド型',(strftime('%s', 'now') * 1000)),
	(1027,1,'フィールド型の幅',(strftime('%s', 'now') * 1000)),
	(1028,1,'フィールド型精度',(strftime('%s', 'now') * 1000)),
	(1029,1,'クラス参照先',(strftime('%s', 'now') * 1000)),
	(1030,1,'列挙参照先',(strftime('%s', 'now') * 1000)),
	(1031,1,'フィールド参照先',(strftime('%s', 'now') * 1000)),
	(1032,1,'プライマリキー',(strftime('%s', 'now') * 1000)),
	(1033,1,'NULL許容',(strftime('%s', 'now') * 1000)),
	(1034,1,'要合計値',(strftime('%s', 'now') * 1000)),
	(1035,1,'要平均値',(strftime('%s', 'now') * 1000)),
	(1036,1,'要最大値',(strftime('%s', 'now') * 1000)),
	(1037,1,'要最小値',(strftime('%s', 'now') * 1000)),
	(1038,1,'ラベル',(strftime('%s', 'now') * 1000)),
	(1039,1,'書式',(strftime('%s', 'now') * 1000)),
	(1040,1,'タイトル',(strftime('%s', 'now') * 1000)),
	(1041,1,'説明',(strftime('%s', 'now') * 1000)),
	(1042,1,'メモ',(strftime('%s', 'now') * 1000)),
	(1043,1,'クエリーID',(strftime('%s', 'now') * 1000)),
	(1044,1,'所属クラス',(strftime('%s', 'now') * 1000)),
	(1045,1,'クエリー名',(strftime('%s', 'now') * 1000)),
	(1046,1,'抽出条件',(strftime('%s', 'now') * 1000)),
	(1047,1,'ソート条件',(strftime('%s', 'now') * 1000)),
	(1048,1,'タイトル',(strftime('%s', 'now') * 1000)),
	(1049,1,'説明',(strftime('%s', 'now') * 1000)),
	(1050,1,'メモ',(strftime('%s', 'now') * 1000)),
	(1051,1,'列挙ID',(strftime('%s', 'now') * 1000)),
	(1052,1,'所属プロジェクト',(strftime('%s', 'now') * 1000)),
	(1053,1,'列挙名',(strftime('%s', 'now') * 1000)),
	(1054,1,'文字列エンコード',(strftime('%s', 'now') * 1000)),
	(1055,1,'タイトル',(strftime('%s', 'now') * 1000)),
	(1056,1,'説明',(strftime('%s', 'now') * 1000)),
	(1057,1,'メモ',(strftime('%s', 'now') * 1000)),
	(1058,1,'列挙値一覧',(strftime('%s', 'now') * 1000)),
	(1059,1,'所属列挙',(strftime('%s', 'now') * 1000)),
	(1060,1,'列挙名',(strftime('%s', 'now') * 1000)),
	(1061,1,'列挙コード',(strftime('%s', 'now') * 1000)),
	(1062,1,'タイトル',(strftime('%s', 'now') * 1000)),
	(1063,1,'説明',(strftime('%s', 'now') * 1000)),
	(1064,1,'メモ',(strftime('%s', 'now') * 1000)),
	(1065,1,'メッセージID',(strftime('%s', 'now') * 1000)),
	(1066,1,'所属プロジェクト',(strftime('%s', 'now') * 1000)),
	(1067,1,'メッセージ名',(strftime('%s', 'now') * 1000)),
	(1068,1,'メッセージ',(strftime('%s', 'now') * 1000)),
	(1069,1,'リソースID',(strftime('%s', 'now') * 1000)),
	(1070,1,'所属プロジェクト',(strftime('%s', 'now') * 1000)),
	(1071,1,'既定値',(strftime('%s', 'now') * 1000)),
	(1072,1,'ロケール別リソース一覧',(strftime('%s', 'now') * 1000)),
	(1073,1,'所属リソース',(strftime('%s', 'now') * 1000)),
	(1074,1,'ロケール',(strftime('%s', 'now') * 1000)),
	(1075,1,'値',(strftime('%s', 'now') * 1000))
ON CONFLICT DO NOTHING;
INSERT INTO T_LOCALIZED_RESOURCE (
	F_OWNER_RESOURCE_ID,
	F_LOCALE,
	F_VALUE,
	F__LAST_UPDATED_AT
) VALUES
	(1,'en','Hello',(strftime('%s', 'now') * 1000)),
	(2,'en','Good Bye',(strftime('%s', 'now') * 1000))
ON CONFLICT DO NOTHING;
PRAGMA foreign_keys = true;
