PRAGMA foreign_keys = false;
INSERT INTO T_PROJECT (
	F_PROJECT_ID,
	F_PROJECT_NAME,
	F_GRADLE_NAME,
	F_LABEL,
	F_TITLE,
	F_DESCRIPTION,
	F_NOTE,
	F_COPYRIGHTS,
	F__LAST_UPDATED_AT
) VALUES
	(1,'com.github.vvorks.builder','main','ビルダープロジェクト','ビルダープロジェクト','自己記述プロジェクト','','Apache License v2.0',(strftime('%s', 'now') * 1000)),
	(2,'test','test','テストプロジェクト','テストプロジェクト','記述テスト用プロジェクト','','Apache License v2.0',(strftime('%s', 'now') * 1000))
ON CONFLICT DO NOTHING;
INSERT INTO T_PROJECT_I18N (
	F_OWNER_PROJECT_ID,
	F_TARGET_LOCALE_ID,
	F_LABEL,
	F__LAST_UPDATED_AT
) VALUES
	(1,'en','builder project',(strftime('%s', 'now') * 1000)),
	(1,'ja','ビルダープロジェクト',(strftime('%s', 'now') * 1000))
ON CONFLICT DO NOTHING;
INSERT INTO T_CLASS (
	F_CLASS_ID,
	F_OWNER_PROJECT_ID,
	F_CLASS_NAME,
	F_ORDER_EXPR,
	F_TITLE_EXPR,
	F_LABEL_RESOURCE_ID,
	F_TITLE,
	F_DESCRIPTION,
	F_NOTE,
	F__LAST_UPDATED_AT
) VALUES
	(1,1,'Project','projectId','projectName+''(''+title+'')''',0,'プロジェクト',NULL,NULL,(strftime('%s', 'now') * 1000)),
	(2,1,'ProjectI18n','owner.projectId, target.localeId','owner.projectName+''(''+owner.title+''/I18n)''',0,'プロジェクト(I18n)',NULL,NULL,(strftime('%s', 'now') * 1000)),
	(3,1,'Class','classId','className+''(''+title+'')''',0,'クラス',NULL,NULL,(strftime('%s', 'now') * 1000)),
	(4,1,'Field','fieldId','owner.className+''/''+fieldName',0,'フィールド',NULL,NULL,(strftime('%s', 'now') * 1000)),
	(5,1,'Query','queryId','title',0,'クエリー',NULL,NULL,(strftime('%s', 'now') * 1000)),
	(6,1,'Enum','enumId','enumName+''(''+title+'')''',0,'列挙',NULL,NULL,(strftime('%s', 'now') * 1000)),
	(7,1,'EnumValue','code','valueId',0,'列挙値',NULL,NULL,(strftime('%s', 'now') * 1000)),
	(8,1,'Message','messageId','messageName',0,'メッセージ',NULL,NULL,(strftime('%s', 'now') * 1000)),
	(9,1,'Locale','title','title',0,'ロケール','ロケールマスタ','必要な分だけ登録',(strftime('%s', 'now') * 1000)),
	(10,1,'Resource','resourceId','defaultValue',0,'リソース',NULL,NULL,(strftime('%s', 'now') * 1000)),
	(11,1,'LocalizedResource','owner.resourceId, locale','value',0,'ローカライズドリソース',NULL,NULL,(strftime('%s', 'now') * 1000)),
	(12,2,'Otamesshi','otameshiId','otameshiId',0,'お試しクラス','お試しクラスです。','お試しが終わったら消す事',(strftime('%s', 'now') * 1000)),
	(13,2,'Namihei','namiheiId','name',0,'波平',NULL,NULL,(strftime('%s', 'now') * 1000)),
	(14,2,'Sazae','sazaeId','name',0,'サザエ',NULL,NULL,(strftime('%s', 'now') * 1000)),
	(15,2,'Katsuo','katsuoId','name',0,'カツオ',NULL,NULL,(strftime('%s', 'now') * 1000)),
	(16,2,'Wakame','wakameId','name',0,'ワカメ',NULL,NULL,(strftime('%s', 'now') * 1000)),
	(17,2,'Tara','taraId','name',0,'タラ',NULL,NULL,(strftime('%s', 'now') * 1000))
ON CONFLICT DO NOTHING;
INSERT INTO T_FIELD (
	F_FIELD_ID,
	F_OWNER_CLASS_ID,
	F_FIELD_NAME,
	F_TYPE,
	F_WIDTH,
	F_SCALE,
	F_CREF_CLASS_ID,
	F_EREF_ENUM_ID,
	F_FREF_FIELD_ID,
	F_PK,
	F_NULLABLE,
	F_NEEDS_SUM,
	F_NEEDS_AVG,
	F_NEEDS_MAX,
	F_NEEDS_MIN,
	F_LABEL_RESOURCE_ID,
	F_FORMAT_RESOURCE_ID,
	F_TITLE,
	F_DESCRIPTION,
	F_NOTE,
	F__LAST_UPDATED_AT
) VALUES
	(1,1,'projectId','KEY',0,0,0,0,0,1,0,0,0,0,0,1001,0,'プロジェクトID','','（代理キー）',(strftime('%s', 'now') * 1000)),
	(2,1,'projectName','STRING',0,0,0,0,0,0,0,0,0,0,0,1002,0,'プロジェクト名','','ベースパッケージ名を兼ねる',(strftime('%s', 'now') * 1000)),
	(3,1,'gradleName','STRING',0,0,0,0,0,0,0,0,0,0,0,1003,0,'gradleサブプロジェクト名','','',(strftime('%s', 'now') * 1000)),
	(4,1,'label','STRING',0,0,0,0,0,0,1,0,0,0,0,0,0,'ラベル',NULL,NULL,(strftime('%s', 'now') * 1000)),
	(5,1,'title','STRING',0,0,0,0,0,0,0,0,0,0,0,1005,0,'タイトル','仕様書生成用見出し',NULL,(strftime('%s', 'now') * 1000)),
	(6,1,'description','STRING',0,0,0,0,0,0,1,0,0,0,0,1006,0,'説明','仕様書生成用説明文',NULL,(strftime('%s', 'now') * 1000)),
	(7,1,'note','STRING',0,0,0,0,0,0,1,0,0,0,0,1007,0,'メモ',NULL,NULL,(strftime('%s', 'now') * 1000)),
	(8,1,'copyrights','STRING',0,0,0,0,0,0,1,0,0,0,0,1008,0,'著作権',NULL,NULL,(strftime('%s', 'now') * 1000)),
	(9,1,'classes','SET',0,0,0,0,18,0,0,0,0,0,0,1009,0,'クラス一覧',NULL,NULL,(strftime('%s', 'now') * 1000)),
	(10,1,'enums','SET',0,0,0,0,57,0,0,0,0,0,0,1010,0,'列挙一覧',NULL,NULL,(strftime('%s', 'now') * 1000)),
	(11,1,'messages','SET',0,0,0,0,71,0,0,0,0,0,0,1011,0,'メッセージ一覧',NULL,NULL,(strftime('%s', 'now') * 1000)),
	(12,1,'locales','SET',0,0,0,0,75,0,0,0,0,0,0,0,0,'',NULL,NULL,(strftime('%s', 'now') * 1000)),
	(13,1,'resources','SET',0,0,0,0,79,0,0,0,0,0,0,1013,0,'リソース一覧',NULL,NULL,(strftime('%s', 'now') * 1000)),
	(14,2,'owner','REF',0,0,1,0,0,1,0,0,0,0,0,0,0,'','','',(strftime('%s', 'now') * 1000)),
	(15,2,'target','REF',0,0,9,0,0,1,0,0,0,0,0,0,0,'',NULL,NULL,(strftime('%s', 'now') * 1000)),
	(16,2,'label','STRING',0,0,0,0,0,0,1,0,0,0,0,0,0,'',NULL,NULL,(strftime('%s', 'now') * 1000)),
	(17,3,'classId','KEY',0,0,0,0,0,1,0,0,0,0,0,1017,0,'クラスID','','（代理キー）',(strftime('%s', 'now') * 1000)),
	(18,3,'owner','REF',0,0,1,0,0,0,0,0,0,0,0,1018,0,'所属プロジェクト','','',(strftime('%s', 'now') * 1000)),
	(19,3,'className','STRING',0,0,0,0,0,0,0,0,0,0,0,1019,0,'クラス名','','',(strftime('%s', 'now') * 1000)),
	(20,3,'orderExpr','STRING',0,0,0,0,0,0,0,0,0,0,0,1020,0,'オーダー式','デフォルトの表示順を表す式',NULL,(strftime('%s', 'now') * 1000)),
	(21,3,'titleExpr','STRING',0,0,0,0,0,0,0,0,0,0,0,1021,0,'タイトル表示式','オブジェクトのタイトルを表現する式',NULL,(strftime('%s', 'now') * 1000)),
	(22,3,'label','REF',0,0,10,0,0,0,0,0,0,0,0,1022,0,'表示ラベル',NULL,NULL,(strftime('%s', 'now') * 1000)),
	(23,3,'title','STRING',0,0,0,0,0,0,0,0,0,0,0,1023,0,'タイトル','仕様書生成用見出し',NULL,(strftime('%s', 'now') * 1000)),
	(24,3,'description','STRING',0,0,0,0,0,0,1,0,0,0,0,1024,0,'説明','仕様書生成用説明文',NULL,(strftime('%s', 'now') * 1000)),
	(25,3,'note','STRING',0,0,0,0,0,0,1,0,0,0,0,1025,0,'メモ',NULL,NULL,(strftime('%s', 'now') * 1000)),
	(26,3,'fields','SET',0,0,0,0,29,0,0,0,0,0,0,1026,0,'フィールド一覧',NULL,NULL,(strftime('%s', 'now') * 1000)),
	(27,3,'queries','SET',0,0,0,0,49,0,0,0,0,0,0,1027,0,'クエリー一覧',NULL,NULL,(strftime('%s', 'now') * 1000)),
	(28,4,'fieldId','KEY',0,0,0,0,0,1,0,0,0,0,0,1028,0,'フィールドID','','（代理キー）',(strftime('%s', 'now') * 1000)),
	(29,4,'owner','REF',0,0,3,0,0,0,0,0,0,0,0,1029,0,'所属クラス','','',(strftime('%s', 'now') * 1000)),
	(30,4,'fieldName','STRING',0,0,0,0,0,0,0,0,0,0,0,1030,0,'フィールド名',NULL,NULL,(strftime('%s', 'now') * 1000)),
	(31,4,'type','ENUM',0,0,0,1,0,0,0,0,0,0,0,1031,0,'フィールド型',NULL,NULL,(strftime('%s', 'now') * 1000)),
	(32,4,'width','INTEGER',32,0,0,0,0,0,0,0,0,0,0,1032,0,'フィールド型の幅',NULL,NULL,(strftime('%s', 'now') * 1000)),
	(33,4,'scale','INTEGER',32,0,0,0,0,0,0,0,0,0,0,1033,0,'フィールド型精度',NULL,NULL,(strftime('%s', 'now') * 1000)),
	(34,4,'cref','REF',0,0,3,0,0,0,0,0,0,0,0,1034,0,'クラス参照先',NULL,NULL,(strftime('%s', 'now') * 1000)),
	(35,4,'eref','REF',0,0,6,0,0,0,0,0,0,0,0,1035,0,'列挙参照先',NULL,NULL,(strftime('%s', 'now') * 1000)),
	(36,4,'fref','REF',0,0,4,0,0,0,0,0,0,0,0,1036,0,'フィールド参照先',NULL,NULL,(strftime('%s', 'now') * 1000)),
	(37,4,'pk','BOOLEAN',0,0,0,0,0,0,0,0,0,0,0,1037,0,'プライマリキー',NULL,NULL,(strftime('%s', 'now') * 1000)),
	(38,4,'nullable','BOOLEAN',0,0,0,0,0,0,0,0,0,0,0,1038,0,'NULL許容',NULL,NULL,(strftime('%s', 'now') * 1000)),
	(39,4,'needsSum','BOOLEAN',0,0,0,0,0,0,0,0,0,0,0,1039,0,'要合計値',NULL,NULL,(strftime('%s', 'now') * 1000)),
	(40,4,'needsAvg','BOOLEAN',0,0,0,0,0,0,0,0,0,0,0,1040,0,'要平均値',NULL,NULL,(strftime('%s', 'now') * 1000)),
	(41,4,'needsMax','BOOLEAN',0,0,0,0,0,0,0,0,0,0,0,1041,0,'要最大値',NULL,NULL,(strftime('%s', 'now') * 1000)),
	(42,4,'needsMin','BOOLEAN',0,0,0,0,0,0,0,0,0,0,0,1042,0,'要最小値',NULL,NULL,(strftime('%s', 'now') * 1000)),
	(43,4,'label','REF',0,0,10,0,0,0,0,0,0,0,0,1043,0,'ラベル','画面用項目ラベル',NULL,(strftime('%s', 'now') * 1000)),
	(44,4,'format','REF',0,0,10,0,0,0,0,0,0,0,0,1044,0,'書式','画面用項目書式',NULL,(strftime('%s', 'now') * 1000)),
	(45,4,'title','STRING',0,0,0,0,0,0,0,0,0,0,0,1045,0,'タイトル','仕様書生成用見出し',NULL,(strftime('%s', 'now') * 1000)),
	(46,4,'description','STRING',0,0,0,0,0,0,1,0,0,0,0,1046,0,'説明','仕様書生成用説明文',NULL,(strftime('%s', 'now') * 1000)),
	(47,4,'note','STRING',0,0,0,0,0,0,1,0,0,0,0,1047,0,'メモ',NULL,NULL,(strftime('%s', 'now') * 1000)),
	(48,5,'queryId','KEY',0,0,0,0,0,1,0,0,0,0,0,1048,0,'クエリーID','','（代理キー）',(strftime('%s', 'now') * 1000)),
	(49,5,'owner','REF',0,0,3,0,0,0,0,0,0,0,0,1049,0,'所属クラス','','',(strftime('%s', 'now') * 1000)),
	(50,5,'queryName','STRING',0,0,0,0,0,0,0,0,0,0,0,1050,0,'クエリー名',NULL,NULL,(strftime('%s', 'now') * 1000)),
	(51,5,'filter','STRING',0,0,0,0,0,0,0,0,0,0,0,1051,0,'抽出条件','抽出条件を式形式で記載する',NULL,(strftime('%s', 'now') * 1000)),
	(52,5,'order','STRING',0,0,0,0,0,0,0,0,0,0,0,1052,0,'ソート条件','ソート条件を式形式で記載する',NULL,(strftime('%s', 'now') * 1000)),
	(53,5,'title','STRING',0,0,0,0,0,0,0,0,0,0,0,1053,0,'タイトル','仕様書生成用見出し',NULL,(strftime('%s', 'now') * 1000)),
	(54,5,'description','STRING',0,0,0,0,0,0,1,0,0,0,0,1054,0,'説明','仕様書生成用説明文',NULL,(strftime('%s', 'now') * 1000)),
	(55,5,'note','STRING',0,0,0,0,0,0,1,0,0,0,0,1055,0,'メモ',NULL,NULL,(strftime('%s', 'now') * 1000)),
	(56,6,'enumId','KEY',0,0,0,0,0,1,0,0,0,0,0,1056,0,'列挙ID','','（代理キー）',(strftime('%s', 'now') * 1000)),
	(57,6,'owner','REF',0,0,1,0,0,0,0,0,0,0,0,1057,0,'所属プロジェクト','','',(strftime('%s', 'now') * 1000)),
	(58,6,'enumName','STRING',0,0,0,0,0,0,0,0,0,0,0,1058,0,'列挙名',NULL,NULL,(strftime('%s', 'now') * 1000)),
	(59,6,'encodeString','BOOLEAN',0,0,0,0,0,0,0,0,0,0,0,1059,0,'文字列エンコード','文字列エンコードする場合、真',NULL,(strftime('%s', 'now') * 1000)),
	(60,6,'title','STRING',0,0,0,0,0,0,0,0,0,0,0,1060,0,'タイトル','仕様書生成用見出し',NULL,(strftime('%s', 'now') * 1000)),
	(61,6,'description','STRING',0,0,0,0,0,0,1,0,0,0,0,1061,0,'説明','仕様書生成用説明文',NULL,(strftime('%s', 'now') * 1000)),
	(62,6,'note','STRING',0,0,0,0,0,0,1,0,0,0,0,1062,0,'メモ',NULL,NULL,(strftime('%s', 'now') * 1000)),
	(63,6,'values','SET',0,0,0,0,64,0,0,0,0,0,0,1063,0,'列挙値一覧','','',(strftime('%s', 'now') * 1000)),
	(64,7,'owner','REF',0,0,6,0,0,1,0,0,0,0,0,1064,0,'所属列挙','','',(strftime('%s', 'now') * 1000)),
	(65,7,'valueId','STRING',0,0,0,0,0,1,0,0,0,0,0,1065,0,'列挙名','','',(strftime('%s', 'now') * 1000)),
	(66,7,'code','INTEGER',32,0,0,0,0,0,0,0,0,0,0,1066,0,'列挙コード',NULL,NULL,(strftime('%s', 'now') * 1000)),
	(67,7,'title','STRING',0,0,0,0,0,0,0,0,0,0,0,1067,0,'タイトル','仕様書生成用見出し',NULL,(strftime('%s', 'now') * 1000)),
	(68,7,'description','STRING',0,0,0,0,0,0,1,0,0,0,0,1068,0,'説明','仕様書生成用説明文',NULL,(strftime('%s', 'now') * 1000)),
	(69,7,'note','STRING',0,0,0,0,0,0,1,0,0,0,0,1069,0,'メモ',NULL,NULL,(strftime('%s', 'now') * 1000)),
	(70,8,'messageId','KEY',0,0,0,0,0,1,0,0,0,0,0,1070,0,'メッセージID','','',(strftime('%s', 'now') * 1000)),
	(71,8,'owner','REF',0,0,1,0,0,0,0,0,0,0,0,1071,0,'所属プロジェクト','','',(strftime('%s', 'now') * 1000)),
	(72,8,'messageName','STRING',0,0,0,0,0,0,0,0,0,0,0,1072,0,'メッセージ名','','',(strftime('%s', 'now') * 1000)),
	(73,8,'message','REF',0,0,10,0,0,0,0,0,0,0,0,1073,0,'メッセージ',NULL,NULL,(strftime('%s', 'now') * 1000)),
	(74,9,'localeId','STRING',0,0,0,0,0,1,0,0,0,0,0,0,0,'','','',(strftime('%s', 'now') * 1000)),
	(75,9,'owner','REF',0,0,1,0,0,0,0,0,0,0,0,0,0,'',NULL,NULL,(strftime('%s', 'now') * 1000)),
	(76,9,'title','STRING',0,0,0,0,0,0,0,0,0,0,0,0,0,'',NULL,NULL,(strftime('%s', 'now') * 1000)),
	(77,9,'description','STRING',0,0,0,0,0,0,0,0,0,0,0,0,0,'',NULL,NULL,(strftime('%s', 'now') * 1000)),
	(78,10,'resourceId','KEY',0,0,0,0,0,1,0,0,0,0,0,1078,0,'リソースID','','',(strftime('%s', 'now') * 1000)),
	(79,10,'owner','REF',0,0,1,0,0,0,0,0,0,0,0,1079,0,'所属プロジェクト',NULL,NULL,(strftime('%s', 'now') * 1000)),
	(80,10,'defaultValue','STRING',0,0,0,0,0,0,0,0,0,0,0,1080,0,'既定値',NULL,NULL,(strftime('%s', 'now') * 1000)),
	(81,10,'variations','SET',0,0,0,0,82,0,0,0,0,0,0,1081,0,'ロケール別リソース一覧',NULL,NULL,(strftime('%s', 'now') * 1000)),
	(82,11,'owner','REF',0,0,10,0,0,1,0,0,0,0,0,1082,0,'所属リソース','','',(strftime('%s', 'now') * 1000)),
	(83,11,'locale','STRING',0,0,0,0,0,1,0,0,0,0,0,1083,0,'ロケール',NULL,NULL,(strftime('%s', 'now') * 1000)),
	(84,11,'value','STRING',0,0,0,0,0,0,0,0,0,0,0,1084,0,'値',NULL,NULL,(strftime('%s', 'now') * 1000)),
	(85,12,'otameshiId','KEY',0,0,0,0,0,1,0,0,0,0,0,0,0,'お試しId','お試しIdです','お試しが終わったら消す事',(strftime('%s', 'now') * 1000)),
	(86,12,'owner','REF',0,0,12,0,0,0,0,0,0,0,0,0,0,'','',NULL,(strftime('%s', 'now') * 1000)),
	(87,12,'children','SET',0,0,0,0,86,0,0,0,0,0,0,0,0,'','',NULL,(strftime('%s', 'now') * 1000)),
	(88,12,'related','REF',0,0,12,0,0,0,0,0,0,0,0,0,0,'','',NULL,(strftime('%s', 'now') * 1000)),
	(89,12,'relations','SET',0,0,0,0,88,0,0,0,0,0,0,0,0,'','',NULL,(strftime('%s', 'now') * 1000)),
	(90,12,'booleanValue','BOOLEAN',0,0,0,0,0,0,0,0,0,0,0,0,0,'booleanValue','booleanValueです','お試しが終わったら消す事',(strftime('%s', 'now') * 1000)),
	(91,12,'byteValue','INTEGER',8,0,0,0,0,0,0,1,0,0,0,0,0,'',NULL,'お試しが終わったら消す事',(strftime('%s', 'now') * 1000)),
	(92,12,'shortValue','INTEGER',16,0,0,0,0,0,0,0,1,0,0,0,0,'shortValue',NULL,'お試しが終わったら消す事',(strftime('%s', 'now') * 1000)),
	(93,12,'intValue','INTEGER',32,0,0,0,0,0,0,0,0,1,0,0,0,'intValue','intValueです','お試しが終わったら消す事',(strftime('%s', 'now') * 1000)),
	(94,12,'nullableValue','INTEGER',32,0,0,0,0,0,1,0,0,0,1,0,0,'nullableValue','nullableValueです','お試しが終わったら消す事',(strftime('%s', 'now') * 1000)),
	(95,12,'longValue','INTEGER',64,0,0,0,0,0,0,1,1,1,1,0,0,'longValue','longValueです','お試しが終わったら消す事',(strftime('%s', 'now') * 1000)),
	(96,12,'floatValue','REAL',32,0,0,0,0,0,0,1,1,0,0,0,0,'floatValue','floatValueです','お試しが終わったら消す事',(strftime('%s', 'now') * 1000)),
	(97,12,'doubleValue','REAL',64,0,0,0,0,0,0,0,0,1,1,0,0,'doubleValue',NULL,'お試しが終わったら消す事',(strftime('%s', 'now') * 1000)),
	(98,12,'numericValue','NUMERIC',10,3,0,0,0,0,0,1,1,1,1,0,0,'','numericValueです','お試しが終わったら消す事',(strftime('%s', 'now') * 1000)),
	(99,12,'dateValue','DATE',0,0,0,0,0,0,0,0,0,1,1,0,0,'dateValue','dateValueです','お試しが終わったら消す事',(strftime('%s', 'now') * 1000)),
	(100,12,'strValue','STRING',0,0,0,0,0,0,0,0,0,0,0,0,0,'strValue','strValueです','お試しが終わったら消す事',(strftime('%s', 'now') * 1000)),
	(101,13,'namiheiId','KEY',0,0,0,0,0,1,0,0,0,0,0,0,0,'namiheiId','namiheiIdです','',(strftime('%s', 'now') * 1000)),
	(102,13,'name','STRING',0,0,0,0,0,0,0,0,0,0,0,0,0,'name','nameです',NULL,(strftime('%s', 'now') * 1000)),
	(103,14,'sazaeId','KEY',0,0,0,0,0,1,0,0,0,0,0,0,0,'','','',(strftime('%s', 'now') * 1000)),
	(104,14,'owner','REF',0,0,13,0,0,1,0,0,0,0,0,0,0,'',NULL,NULL,(strftime('%s', 'now') * 1000)),
	(105,14,'name','STRING',0,0,0,0,0,0,0,0,0,0,0,0,0,'name','nameです',NULL,(strftime('%s', 'now') * 1000)),
	(106,15,'katsuoId','KEY',0,0,0,0,0,1,0,0,0,0,0,0,0,'','','',(strftime('%s', 'now') * 1000)),
	(107,15,'owner','REF',0,0,13,0,0,1,0,0,0,0,0,0,0,'',NULL,NULL,(strftime('%s', 'now') * 1000)),
	(108,15,'name','STRING',0,0,0,0,0,0,0,0,0,0,0,0,0,'name','nameです',NULL,(strftime('%s', 'now') * 1000)),
	(109,16,'wakameId','KEY',0,0,0,0,0,1,0,0,0,0,0,0,0,'','','',(strftime('%s', 'now') * 1000)),
	(110,16,'owner','REF',0,0,13,0,0,1,0,0,0,0,0,0,0,'',NULL,NULL,(strftime('%s', 'now') * 1000)),
	(111,16,'name','STRING',0,0,0,0,0,0,0,0,0,0,0,0,0,'name','nameです',NULL,(strftime('%s', 'now') * 1000)),
	(112,17,'taraId','KEY',0,0,0,0,0,1,0,0,0,0,0,0,0,'','','',(strftime('%s', 'now') * 1000)),
	(113,17,'owner','REF',0,0,14,0,0,1,0,0,0,0,0,0,0,'',NULL,NULL,(strftime('%s', 'now') * 1000)),
	(114,17,'name','STRING',0,0,0,0,0,0,0,0,0,0,0,0,0,'name','nameです',NULL,(strftime('%s', 'now') * 1000))
ON CONFLICT DO NOTHING;
INSERT INTO T_QUERY (
	F_QUERY_ID,
	F_OWNER_CLASS_ID,
	F_QUERY_NAME,
	F_FILTER,
	F_ORDER,
	F_TITLE,
	F_DESCRIPTION,
	F_NOTE,
	F__LAST_UPDATED_AT
) VALUES
	(1,1,'nameIs','projectName == $name','','名前',NULL,NULL,(strftime('%s', 'now') * 1000)),
	(2,3,'nameIs','className == $name','','名前',NULL,NULL,(strftime('%s', 'now') * 1000)),
	(3,4,'nameIs','fieldName == $name','','名前',NULL,NULL,(strftime('%s', 'now') * 1000)),
	(4,6,'nameIs','enumName == $name','','名前',NULL,NULL,(strftime('%s', 'now') * 1000)),
	(5,12,'startsFoo','owner.strValue =% ''Foo%'' && owner.owner.strValue =% ''%Bar''','','条件：父がFooで始まり祖父がBarで終わる',NULL,NULL,(strftime('%s', 'now') * 1000)),
	(6,17,'containSazae','owner.name =% ''%サザエ%'' && owner.owner.name =~ ''^[0-9]*$''','','条件：父がサザエを含み祖父が数字',NULL,NULL,(strftime('%s', 'now') * 1000))
ON CONFLICT DO NOTHING;
INSERT INTO T_ENUM (
	F_ENUM_ID,
	F_OWNER_PROJECT_ID,
	F_ENUM_NAME,
	F_ENCODE_STRING,
	F_TITLE,
	F_DESCRIPTION,
	F_NOTE,
	F__LAST_UPDATED_AT
) VALUES
	(1,1,'DataType',1,'データ型',NULL,NULL,(strftime('%s', 'now') * 1000))
ON CONFLICT DO NOTHING;
INSERT INTO T_ENUM_VALUE (
	F_OWNER_ENUM_ID,
	F_VALUE_ID,
	F_CODE,
	F_TITLE,
	F_DESCRIPTION,
	F_NOTE,
	F__LAST_UPDATED_AT
) VALUES
	(1,'KEY',10,'（自動）キー',NULL,NULL,(strftime('%s', 'now') * 1000)),
	(1,'REF',11,'クラス参照型',NULL,NULL,(strftime('%s', 'now') * 1000)),
	(1,'ENUM',12,'列挙参照型',NULL,NULL,(strftime('%s', 'now') * 1000)),
	(1,'SET',13,'集合（被参照）型',NULL,NULL,(strftime('%s', 'now') * 1000)),
	(1,'ENUM_VALUE',14,'列挙値型',NULL,'内部用。モデル定義での使用不可',(strftime('%s', 'now') * 1000)),
	(1,'BOOLEAN',20,'真偽値',NULL,NULL,(strftime('%s', 'now') * 1000)),
	(1,'INTEGER',30,'整数',NULL,NULL,(strftime('%s', 'now') * 1000)),
	(1,'REAL',40,'浮動小数',NULL,NULL,(strftime('%s', 'now') * 1000)),
	(1,'NUMERIC',50,'１０進小数',NULL,NULL,(strftime('%s', 'now') * 1000)),
	(1,'DATE',60,'日付・時刻',NULL,NULL,(strftime('%s', 'now') * 1000)),
	(1,'STRING',70,'文字列',NULL,NULL,(strftime('%s', 'now') * 1000))
ON CONFLICT DO NOTHING;
INSERT INTO T_MESSAGE (
	F_MESSAGE_ID,
	F_OWNER_PROJECT_ID,
	F_MESSAGE_NAME,
	F_MESSAGE_RESOURCE_ID,
	F__LAST_UPDATED_AT
) VALUES
	(1,1,'hello',1,(strftime('%s', 'now') * 1000)),
	(2,1,'bye',2,(strftime('%s', 'now') * 1000))
ON CONFLICT DO NOTHING;
INSERT INTO T_LOCALE (
	F_LOCALE_ID,
	F_OWNER_PROJECT_ID,
	F_TITLE,
	F_DESCRIPTION,
	F__LAST_UPDATED_AT
) VALUES
	('en_US',1,'engish(united status of ameria)','',(strftime('%s', 'now') * 1000)),
	('en',1,'english','',(strftime('%s', 'now') * 1000)),
	('ja',1,'japanease','',(strftime('%s', 'now') * 1000)),
	('ja_JP',1,'japanease(japan)','',(strftime('%s', 'now') * 1000))
ON CONFLICT DO NOTHING;
INSERT INTO T_RESOURCE (
	F_RESOURCE_ID,
	F_OWNER_PROJECT_ID,
	F_DEFAULT_VALUE,
	F__LAST_UPDATED_AT
) VALUES
	(1,1,'こんにちは',(strftime('%s', 'now') * 1000)),
	(2,1,'さようなら',(strftime('%s', 'now') * 1000)),
	(1001,1,'プロジェクトID',(strftime('%s', 'now') * 1000)),
	(1002,1,'プロジェクト名',(strftime('%s', 'now') * 1000)),
	(1003,1,'gradleサブプロジェクト名',(strftime('%s', 'now') * 1000)),
	(1004,1,'ラベル',(strftime('%s', 'now') * 1000)),
	(1005,1,'タイトル',(strftime('%s', 'now') * 1000)),
	(1006,1,'説明',(strftime('%s', 'now') * 1000)),
	(1007,1,'メモ',(strftime('%s', 'now') * 1000)),
	(1008,1,'著作権',(strftime('%s', 'now') * 1000)),
	(1009,1,'クラス一覧',(strftime('%s', 'now') * 1000)),
	(1010,1,'列挙一覧',(strftime('%s', 'now') * 1000)),
	(1011,1,'メッセージ一覧',(strftime('%s', 'now') * 1000)),
	(1012,1,'0.0',(strftime('%s', 'now') * 1000)),
	(1013,1,'リソース一覧',(strftime('%s', 'now') * 1000)),
	(1014,1,'0.0',(strftime('%s', 'now') * 1000)),
	(1015,1,'0.0',(strftime('%s', 'now') * 1000)),
	(1016,1,'0.0',(strftime('%s', 'now') * 1000)),
	(1017,1,'クラスID',(strftime('%s', 'now') * 1000)),
	(1018,1,'所属プロジェクト',(strftime('%s', 'now') * 1000)),
	(1019,1,'クラス名',(strftime('%s', 'now') * 1000)),
	(1020,1,'オーダー式',(strftime('%s', 'now') * 1000)),
	(1021,1,'タイトル表示式',(strftime('%s', 'now') * 1000)),
	(1022,1,'表示ラベル',(strftime('%s', 'now') * 1000)),
	(1023,1,'タイトル',(strftime('%s', 'now') * 1000)),
	(1024,1,'説明',(strftime('%s', 'now') * 1000)),
	(1025,1,'メモ',(strftime('%s', 'now') * 1000)),
	(1026,1,'フィールド一覧',(strftime('%s', 'now') * 1000)),
	(1027,1,'クエリー一覧',(strftime('%s', 'now') * 1000)),
	(1028,1,'フィールドID',(strftime('%s', 'now') * 1000)),
	(1029,1,'所属クラス',(strftime('%s', 'now') * 1000)),
	(1030,1,'フィールド名',(strftime('%s', 'now') * 1000)),
	(1031,1,'フィールド型',(strftime('%s', 'now') * 1000)),
	(1032,1,'フィールド型の幅',(strftime('%s', 'now') * 1000)),
	(1033,1,'フィールド型精度',(strftime('%s', 'now') * 1000)),
	(1034,1,'クラス参照先',(strftime('%s', 'now') * 1000)),
	(1035,1,'列挙参照先',(strftime('%s', 'now') * 1000)),
	(1036,1,'フィールド参照先',(strftime('%s', 'now') * 1000)),
	(1037,1,'プライマリキー',(strftime('%s', 'now') * 1000)),
	(1038,1,'NULL許容',(strftime('%s', 'now') * 1000)),
	(1039,1,'要合計値',(strftime('%s', 'now') * 1000)),
	(1040,1,'要平均値',(strftime('%s', 'now') * 1000)),
	(1041,1,'要最大値',(strftime('%s', 'now') * 1000)),
	(1042,1,'要最小値',(strftime('%s', 'now') * 1000)),
	(1043,1,'ラベル',(strftime('%s', 'now') * 1000)),
	(1044,1,'書式',(strftime('%s', 'now') * 1000)),
	(1045,1,'タイトル',(strftime('%s', 'now') * 1000)),
	(1046,1,'説明',(strftime('%s', 'now') * 1000)),
	(1047,1,'メモ',(strftime('%s', 'now') * 1000)),
	(1048,1,'クエリーID',(strftime('%s', 'now') * 1000)),
	(1049,1,'所属クラス',(strftime('%s', 'now') * 1000)),
	(1050,1,'クエリー名',(strftime('%s', 'now') * 1000)),
	(1051,1,'抽出条件',(strftime('%s', 'now') * 1000)),
	(1052,1,'ソート条件',(strftime('%s', 'now') * 1000)),
	(1053,1,'タイトル',(strftime('%s', 'now') * 1000)),
	(1054,1,'説明',(strftime('%s', 'now') * 1000)),
	(1055,1,'メモ',(strftime('%s', 'now') * 1000)),
	(1056,1,'列挙ID',(strftime('%s', 'now') * 1000)),
	(1057,1,'所属プロジェクト',(strftime('%s', 'now') * 1000)),
	(1058,1,'列挙名',(strftime('%s', 'now') * 1000)),
	(1059,1,'文字列エンコード',(strftime('%s', 'now') * 1000)),
	(1060,1,'タイトル',(strftime('%s', 'now') * 1000)),
	(1061,1,'説明',(strftime('%s', 'now') * 1000)),
	(1062,1,'メモ',(strftime('%s', 'now') * 1000)),
	(1063,1,'列挙値一覧',(strftime('%s', 'now') * 1000)),
	(1064,1,'所属列挙',(strftime('%s', 'now') * 1000)),
	(1065,1,'列挙名',(strftime('%s', 'now') * 1000)),
	(1066,1,'列挙コード',(strftime('%s', 'now') * 1000)),
	(1067,1,'タイトル',(strftime('%s', 'now') * 1000)),
	(1068,1,'説明',(strftime('%s', 'now') * 1000)),
	(1069,1,'メモ',(strftime('%s', 'now') * 1000)),
	(1070,1,'メッセージID',(strftime('%s', 'now') * 1000)),
	(1071,1,'所属プロジェクト',(strftime('%s', 'now') * 1000)),
	(1072,1,'メッセージ名',(strftime('%s', 'now') * 1000)),
	(1073,1,'メッセージ',(strftime('%s', 'now') * 1000)),
	(1074,1,'0.0',(strftime('%s', 'now') * 1000)),
	(1075,1,'0.0',(strftime('%s', 'now') * 1000))
ON CONFLICT DO NOTHING;
INSERT INTO T_LOCALIZED_RESOURCE (
	F_OWNER_RESOURCE_ID,
	F_LOCALE,
	F_VALUE,
	F__LAST_UPDATED_AT
) VALUES
	(1,'en','Hello',(strftime('%s', 'now') * 1000)),
	(2,'en','Good Bye',(strftime('%s', 'now') * 1000))
ON CONFLICT DO NOTHING;
PRAGMA foreign_keys = true;
