PRAGMA foreign_keys = false;
INSERT INTO T_PROJECT (
	F_PROJECT_ID,
	F_PROJECT_NAME,
	F_GRADLE_NAME,
	F_TITLE,
	F_DESCRIPTION,
	F_NOTE,
	F_COPYRIGHTS,
	F__LAST_UPDATED_AT
) VALUES
	(1,'com.github.vvorks.builder','main','ビルダープロジェクト','自己記述プロジェクト','','Apache License v2.0',(strftime('%s', 'now') * 1000)),
	(2,'test','test','テストプロジェクト','記述テスト用プロジェクト','','Apache License v2.0',(strftime('%s', 'now') * 1000))
ON CONFLICT DO NOTHING;
INSERT INTO T_CLASS (
	F_CLASS_ID,
	F_OWNER_PROJECT_ID,
	F_CLASS_NAME,
	F_ORDER_EXPR,
	F_TITLE_EXPR,
	F_TITLE,
	F_DESCRIPTION,
	F_NOTE,
	F__LAST_UPDATED_AT
) VALUES
	(1,1,'Project','projectId','title','プロジェクト',NULL,NULL,(strftime('%s', 'now') * 1000)),
	(2,1,'Class','classId','title','クラス',NULL,NULL,(strftime('%s', 'now') * 1000)),
	(3,1,'Field','fieldId','title','フィールド',NULL,NULL,(strftime('%s', 'now') * 1000)),
	(4,1,'Query','queryId','title','クエリー',NULL,NULL,(strftime('%s', 'now') * 1000)),
	(5,1,'Enum','enumId','title','列挙',NULL,NULL,(strftime('%s', 'now') * 1000)),
	(6,1,'EnumValue','code','valueId','列挙値',NULL,NULL,(strftime('%s', 'now') * 1000)),
	(7,2,'Otamesshi','otameshiId','otameshiId','お試しクラス','お試しクラスです。','お試しが終わったら消す事',(strftime('%s', 'now') * 1000)),
	(8,2,'Namihei','namiheiId','name','波平',NULL,NULL,(strftime('%s', 'now') * 1000)),
	(9,2,'Sazae','sazaeId','name','サザエ',NULL,NULL,(strftime('%s', 'now') * 1000)),
	(10,2,'Katsuo','katsuoId','name','カツオ',NULL,NULL,(strftime('%s', 'now') * 1000)),
	(11,2,'Wakame','wakameId','name','ワカメ',NULL,NULL,(strftime('%s', 'now') * 1000)),
	(12,2,'Tara','taraId','name','タラ',NULL,NULL,(strftime('%s', 'now') * 1000))
ON CONFLICT DO NOTHING;
INSERT INTO T_FIELD (
	F_FIELD_ID,
	F_OWNER_CLASS_ID,
	F_FIELD_NAME,
	F_TYPE,
	F_WIDTH,
	F_SCALE,
	F_CREF_CLASS_ID,
	F_EREF_ENUM_ID,
	F_FREF_FIELD_ID,
	F_PK,
	F_NULLABLE,
	F_NEEDS_SUM,
	F_NEEDS_AVG,
	F_NEEDS_MAX,
	F_NEEDS_MIN,
	F_TITLE,
	F_DESCRIPTION,
	F_NOTE,
	F__LAST_UPDATED_AT
) VALUES
	(1,1,'projectId','KEY',0,0,0,0,0,1,0,0,0,0,0,'プロジェクトID','','（代理キー）',(strftime('%s', 'now') * 1000)),
	(2,1,'projectName','STRING',0,0,0,0,0,0,0,0,0,0,0,'プロジェクト名','','ベースパッケージ名を兼ねる',(strftime('%s', 'now') * 1000)),
	(3,1,'gradleName','STRING',0,0,0,0,0,0,0,0,0,0,0,'gradleサブプロジェクト名','','',(strftime('%s', 'now') * 1000)),
	(4,1,'title','STRING',0,0,0,0,0,0,0,0,0,0,0,'タイトル',NULL,NULL,(strftime('%s', 'now') * 1000)),
	(5,1,'description','STRING',0,0,0,0,0,0,1,0,0,0,0,'説明',NULL,NULL,(strftime('%s', 'now') * 1000)),
	(6,1,'note','STRING',0,0,0,0,0,0,1,0,0,0,0,'メモ',NULL,NULL,(strftime('%s', 'now') * 1000)),
	(7,1,'copyrights','STRING',0,0,0,0,0,0,1,0,0,0,0,'著作権',NULL,NULL,(strftime('%s', 'now') * 1000)),
	(8,1,'classes','SET',0,0,0,0,11,0,0,0,0,0,0,'クラス一覧',NULL,NULL,(strftime('%s', 'now') * 1000)),
	(9,1,'enums','SET',0,0,0,0,47,0,0,0,0,0,0,'列挙一覧',NULL,NULL,(strftime('%s', 'now') * 1000)),
	(10,2,'classId','KEY',0,0,0,0,0,1,0,0,0,0,0,'クラスID','','（代理キー）',(strftime('%s', 'now') * 1000)),
	(11,2,'owner','REF',0,0,1,0,0,0,0,0,0,0,0,'所属プロジェクト','','',(strftime('%s', 'now') * 1000)),
	(12,2,'className','STRING',0,0,0,0,0,0,0,0,0,0,0,'クラス名','','',(strftime('%s', 'now') * 1000)),
	(13,2,'orderExpr','STRING',0,0,0,0,0,0,0,0,0,0,0,'オーダー式','デフォルトの表示順を表す式',NULL,(strftime('%s', 'now') * 1000)),
	(14,2,'titleExpr','STRING',0,0,0,0,0,0,0,0,0,0,0,'タイトル表示式','オブジェクトのタイトルを表現する式',NULL,(strftime('%s', 'now') * 1000)),
	(15,2,'title','STRING',0,0,0,0,0,0,0,0,0,0,0,'タイトル',NULL,NULL,(strftime('%s', 'now') * 1000)),
	(16,2,'description','STRING',0,0,0,0,0,0,1,0,0,0,0,'説明',NULL,NULL,(strftime('%s', 'now') * 1000)),
	(17,2,'note','STRING',0,0,0,0,0,0,1,0,0,0,0,'メモ',NULL,NULL,(strftime('%s', 'now') * 1000)),
	(18,2,'fields','SET',0,0,0,0,21,0,0,0,0,0,0,'フィールド一覧',NULL,NULL,(strftime('%s', 'now') * 1000)),
	(19,2,'queries','SET',0,0,0,0,39,0,0,0,0,0,0,'',NULL,NULL,(strftime('%s', 'now') * 1000)),
	(20,3,'fieldId','KEY',0,0,0,0,0,1,0,0,0,0,0,'フィールドID','','（代理キー）',(strftime('%s', 'now') * 1000)),
	(21,3,'owner','REF',0,0,2,0,0,0,0,0,0,0,0,'所属クラス','','',(strftime('%s', 'now') * 1000)),
	(22,3,'fieldName','STRING',0,0,0,0,0,0,0,0,0,0,0,'フィールド名',NULL,NULL,(strftime('%s', 'now') * 1000)),
	(23,3,'type','ENUM',0,0,0,1,0,0,0,0,0,0,0,'フィールド型',NULL,NULL,(strftime('%s', 'now') * 1000)),
	(24,3,'width','INTEGER',32,0,0,0,0,0,0,0,0,0,0,'フィールド型の幅',NULL,NULL,(strftime('%s', 'now') * 1000)),
	(25,3,'scale','INTEGER',32,0,0,0,0,0,0,0,0,0,0,'フィールド型精度',NULL,NULL,(strftime('%s', 'now') * 1000)),
	(26,3,'cref','REF',0,0,2,0,0,0,0,0,0,0,0,'クラス参照先',NULL,NULL,(strftime('%s', 'now') * 1000)),
	(27,3,'eref','REF',0,0,5,0,0,0,0,0,0,0,0,'列挙参照先',NULL,NULL,(strftime('%s', 'now') * 1000)),
	(28,3,'fref','REF',0,0,3,0,0,0,0,0,0,0,0,'フィールド参照先',NULL,NULL,(strftime('%s', 'now') * 1000)),
	(29,3,'pk','BOOLEAN',0,0,0,0,0,0,0,0,0,0,0,'プライマリキー',NULL,NULL,(strftime('%s', 'now') * 1000)),
	(30,3,'nullable','BOOLEAN',0,0,0,0,0,0,0,0,0,0,0,'NULL許容',NULL,NULL,(strftime('%s', 'now') * 1000)),
	(31,3,'needsSum','BOOLEAN',0,0,0,0,0,0,0,0,0,0,0,'',NULL,NULL,(strftime('%s', 'now') * 1000)),
	(32,3,'needsAvg','BOOLEAN',0,0,0,0,0,0,0,0,0,0,0,'',NULL,NULL,(strftime('%s', 'now') * 1000)),
	(33,3,'needsMax','BOOLEAN',0,0,0,0,0,0,0,0,0,0,0,'',NULL,NULL,(strftime('%s', 'now') * 1000)),
	(34,3,'needsMin','BOOLEAN',0,0,0,0,0,0,0,0,0,0,0,'',NULL,NULL,(strftime('%s', 'now') * 1000)),
	(35,3,'title','STRING',0,0,0,0,0,0,0,0,0,0,0,'タイトル',NULL,NULL,(strftime('%s', 'now') * 1000)),
	(36,3,'description','STRING',0,0,0,0,0,0,1,0,0,0,0,'説明',NULL,NULL,(strftime('%s', 'now') * 1000)),
	(37,3,'note','STRING',0,0,0,0,0,0,1,0,0,0,0,'メモ',NULL,NULL,(strftime('%s', 'now') * 1000)),
	(38,4,'queryId','KEY',0,0,0,0,0,1,0,0,0,0,0,'クエリーID','','（代理キー）',(strftime('%s', 'now') * 1000)),
	(39,4,'owner','REF',0,0,2,0,0,0,0,0,0,0,0,'所属クラス','','',(strftime('%s', 'now') * 1000)),
	(40,4,'queryName','STRING',0,0,0,0,0,0,0,0,0,0,0,'クエリー名',NULL,NULL,(strftime('%s', 'now') * 1000)),
	(41,4,'filter','STRING',0,0,0,0,0,0,0,0,0,0,0,'抽出条件','抽出条件を式形式で記載する',NULL,(strftime('%s', 'now') * 1000)),
	(42,4,'order','STRING',0,0,0,0,0,0,0,0,0,0,0,'ソート条件','ソート条件を式形式で記載する',NULL,(strftime('%s', 'now') * 1000)),
	(43,4,'title','STRING',0,0,0,0,0,0,0,0,0,0,0,'タイトル',NULL,NULL,(strftime('%s', 'now') * 1000)),
	(44,4,'description','STRING',0,0,0,0,0,0,1,0,0,0,0,'説明',NULL,NULL,(strftime('%s', 'now') * 1000)),
	(45,4,'note','STRING',0,0,0,0,0,0,1,0,0,0,0,'メモ',NULL,NULL,(strftime('%s', 'now') * 1000)),
	(46,5,'enumId','KEY',0,0,0,0,0,1,0,0,0,0,0,'列挙ID','','（代理キー）',(strftime('%s', 'now') * 1000)),
	(47,5,'owner','REF',0,0,1,0,0,0,0,0,0,0,0,'所属プロジェクト','','',(strftime('%s', 'now') * 1000)),
	(48,5,'enumName','STRING',0,0,0,0,0,0,0,0,0,0,0,'列挙名',NULL,NULL,(strftime('%s', 'now') * 1000)),
	(49,5,'encodeString','BOOLEAN',0,0,0,0,0,0,0,0,0,0,0,'文字列エンコード','文字列エンコードする場合、真',NULL,(strftime('%s', 'now') * 1000)),
	(50,5,'title','STRING',0,0,0,0,0,0,0,0,0,0,0,'タイトル',NULL,NULL,(strftime('%s', 'now') * 1000)),
	(51,5,'description','STRING',0,0,0,0,0,0,1,0,0,0,0,'説明',NULL,NULL,(strftime('%s', 'now') * 1000)),
	(52,5,'note','STRING',0,0,0,0,0,0,1,0,0,0,0,'メモ',NULL,NULL,(strftime('%s', 'now') * 1000)),
	(53,5,'values','SET',0,0,0,0,54,0,0,0,0,0,0,'列挙値一覧','','',(strftime('%s', 'now') * 1000)),
	(54,6,'owner','REF',0,0,5,0,0,1,0,0,0,0,0,'所属列挙','','',(strftime('%s', 'now') * 1000)),
	(55,6,'valueId','STRING',0,0,0,0,0,1,0,0,0,0,0,'列挙名','','',(strftime('%s', 'now') * 1000)),
	(56,6,'code','INTEGER',32,0,0,0,0,0,0,0,0,0,0,'列挙コード',NULL,NULL,(strftime('%s', 'now') * 1000)),
	(57,6,'title','STRING',0,0,0,0,0,0,0,0,0,0,0,'タイトル',NULL,NULL,(strftime('%s', 'now') * 1000)),
	(58,6,'description','STRING',0,0,0,0,0,0,1,0,0,0,0,'説明',NULL,NULL,(strftime('%s', 'now') * 1000)),
	(59,6,'note','STRING',0,0,0,0,0,0,1,0,0,0,0,'メモ',NULL,NULL,(strftime('%s', 'now') * 1000)),
	(60,7,'otameshiId','KEY',0,0,0,0,0,1,0,0,0,0,0,'お試しId','お試しIdです','お試しが終わったら消す事',(strftime('%s', 'now') * 1000)),
	(61,7,'owner','REF',0,0,7,0,0,0,0,0,0,0,0,'','',NULL,(strftime('%s', 'now') * 1000)),
	(62,7,'children','SET',0,0,0,0,61,0,0,0,0,0,0,'','',NULL,(strftime('%s', 'now') * 1000)),
	(63,7,'related','REF',0,0,7,0,0,0,0,0,0,0,0,'','',NULL,(strftime('%s', 'now') * 1000)),
	(64,7,'relations','SET',0,0,0,0,63,0,0,0,0,0,0,'','',NULL,(strftime('%s', 'now') * 1000)),
	(65,7,'booleanValue','BOOLEAN',0,0,0,0,0,0,0,0,0,0,0,'booleanValue','booleanValueです','お試しが終わったら消す事',(strftime('%s', 'now') * 1000)),
	(66,7,'byteValue','INTEGER',8,0,0,0,0,0,0,1,0,0,0,'',NULL,'お試しが終わったら消す事',(strftime('%s', 'now') * 1000)),
	(67,7,'shortValue','INTEGER',16,0,0,0,0,0,0,0,1,0,0,'shortValue',NULL,'お試しが終わったら消す事',(strftime('%s', 'now') * 1000)),
	(68,7,'intValue','INTEGER',32,0,0,0,0,0,0,0,0,1,0,'intValue','intValueです','お試しが終わったら消す事',(strftime('%s', 'now') * 1000)),
	(69,7,'nullableValue','INTEGER',32,0,0,0,0,0,1,0,0,0,1,'nullableValue','nullableValueです','お試しが終わったら消す事',(strftime('%s', 'now') * 1000)),
	(70,7,'longValue','INTEGER',64,0,0,0,0,0,0,1,1,1,1,'longValue','longValueです','お試しが終わったら消す事',(strftime('%s', 'now') * 1000)),
	(71,7,'floatValue','REAL',32,0,0,0,0,0,0,1,1,0,0,'floatValue','floatValueです','お試しが終わったら消す事',(strftime('%s', 'now') * 1000)),
	(72,7,'doubleValue','REAL',64,0,0,0,0,0,0,0,0,1,1,'doubleValue',NULL,'お試しが終わったら消す事',(strftime('%s', 'now') * 1000)),
	(73,7,'numericValue','NUMERIC',10,3,0,0,0,0,0,1,1,1,1,'','numericValueです','お試しが終わったら消す事',(strftime('%s', 'now') * 1000)),
	(74,7,'dateValue','DATE',0,0,0,0,0,0,0,0,0,1,1,'dateValue','dateValueです','お試しが終わったら消す事',(strftime('%s', 'now') * 1000)),
	(75,7,'strValue','STRING',0,0,0,0,0,0,0,0,0,0,0,'strValue','strValueです','お試しが終わったら消す事',(strftime('%s', 'now') * 1000)),
	(76,8,'namiheiId','KEY',0,0,0,0,0,1,0,0,0,0,0,'namiheiId','namiheiIdです','',(strftime('%s', 'now') * 1000)),
	(77,8,'name','STRING',0,0,0,0,0,0,0,0,0,0,0,'name','nameです',NULL,(strftime('%s', 'now') * 1000)),
	(78,9,'sazaeId','KEY',0,0,0,0,0,1,0,0,0,0,0,'','','',(strftime('%s', 'now') * 1000)),
	(79,9,'owner','REF',0,0,8,0,0,1,0,0,0,0,0,'',NULL,NULL,(strftime('%s', 'now') * 1000)),
	(80,9,'name','STRING',0,0,0,0,0,0,0,0,0,0,0,'name','nameです',NULL,(strftime('%s', 'now') * 1000)),
	(81,10,'katsuoId','KEY',0,0,0,0,0,1,0,0,0,0,0,'','','',(strftime('%s', 'now') * 1000)),
	(82,10,'owner','REF',0,0,8,0,0,1,0,0,0,0,0,'',NULL,NULL,(strftime('%s', 'now') * 1000)),
	(83,10,'name','STRING',0,0,0,0,0,0,0,0,0,0,0,'name','nameです',NULL,(strftime('%s', 'now') * 1000)),
	(84,11,'wakameId','KEY',0,0,0,0,0,1,0,0,0,0,0,'','','',(strftime('%s', 'now') * 1000)),
	(85,11,'owner','REF',0,0,8,0,0,1,0,0,0,0,0,'',NULL,NULL,(strftime('%s', 'now') * 1000)),
	(86,11,'name','STRING',0,0,0,0,0,0,0,0,0,0,0,'name','nameです',NULL,(strftime('%s', 'now') * 1000)),
	(87,12,'taraId','KEY',0,0,0,0,0,1,0,0,0,0,0,'','','',(strftime('%s', 'now') * 1000)),
	(88,12,'owner','REF',0,0,9,0,0,1,0,0,0,0,0,'',NULL,NULL,(strftime('%s', 'now') * 1000)),
	(89,12,'name','STRING',0,0,0,0,0,0,0,0,0,0,0,'name','nameです',NULL,(strftime('%s', 'now') * 1000))
ON CONFLICT DO NOTHING;
INSERT INTO T_QUERY (
	F_QUERY_ID,
	F_OWNER_CLASS_ID,
	F_QUERY_NAME,
	F_FILTER,
	F_ORDER,
	F_TITLE,
	F_DESCRIPTION,
	F_NOTE,
	F__LAST_UPDATED_AT
) VALUES
	(1,1,'nameIs','projectName == $name','','名前',NULL,NULL,(strftime('%s', 'now') * 1000)),
	(2,2,'nameIs','className == $name','','名前',NULL,NULL,(strftime('%s', 'now') * 1000)),
	(3,3,'nameIs','fieldName == $name','','名前',NULL,NULL,(strftime('%s', 'now') * 1000)),
	(4,5,'nameIs','enumName == $name','','名前',NULL,NULL,(strftime('%s', 'now') * 1000)),
	(5,7,'startsFoo','owner.strValue =% ''Foo%'' && owner.owner.strValue =% ''%Bar''','','条件：父がFooで始まり祖父がBarで終わる',NULL,NULL,(strftime('%s', 'now') * 1000)),
	(6,12,'containSazae','owner.name =% ''%サザエ%'' && owner.owner.name =~ ''^[0-9]*$''','','条件：父がサザエを含み祖父が数字',NULL,NULL,(strftime('%s', 'now') * 1000))
ON CONFLICT DO NOTHING;
INSERT INTO T_ENUM (
	F_ENUM_ID,
	F_OWNER_PROJECT_ID,
	F_ENUM_NAME,
	F_ENCODE_STRING,
	F_TITLE,
	F_DESCRIPTION,
	F_NOTE,
	F__LAST_UPDATED_AT
) VALUES
	(1,1,'DataType',1,'データ型',NULL,NULL,(strftime('%s', 'now') * 1000))
ON CONFLICT DO NOTHING;
INSERT INTO T_ENUM_VALUE (
	F_OWNER_ENUM_ID,
	F_VALUE_ID,
	F_CODE,
	F_TITLE,
	F_DESCRIPTION,
	F_NOTE,
	F__LAST_UPDATED_AT
) VALUES
	(1,'KEY',10,'（自動）キー',NULL,NULL,(strftime('%s', 'now') * 1000)),
	(1,'REF',11,'クラス参照型',NULL,NULL,(strftime('%s', 'now') * 1000)),
	(1,'ENUM',12,'列挙参照型',NULL,NULL,(strftime('%s', 'now') * 1000)),
	(1,'SET',13,'集合（被参照）型',NULL,NULL,(strftime('%s', 'now') * 1000)),
	(1,'ENUM_VALUE',14,'列挙値型',NULL,'内部用。モデル定義での使用不可',(strftime('%s', 'now') * 1000)),
	(1,'BOOLEAN',20,'真偽値',NULL,NULL,(strftime('%s', 'now') * 1000)),
	(1,'INTEGER',30,'整数',NULL,NULL,(strftime('%s', 'now') * 1000)),
	(1,'REAL',40,'浮動小数',NULL,NULL,(strftime('%s', 'now') * 1000)),
	(1,'NUMERIC',50,'１０進小数',NULL,NULL,(strftime('%s', 'now') * 1000)),
	(1,'DATE',60,'日付・時刻',NULL,NULL,(strftime('%s', 'now') * 1000)),
	(1,'STRING',70,'文字列',NULL,NULL,(strftime('%s', 'now') * 1000))
ON CONFLICT DO NOTHING;
PRAGMA foreign_keys = true;
