PRAGMA foreign_keys = false;
INSERT INTO T_PROJECT (
	F_PROJECT_ID,
	F_PROJECT_NAME,
	F_GRADLE_NAME,
	F_TITLE,
	F_DESCRIPTION,
	F_NOTE,
	F_COPYRIGHTS,
	F__LAST_UPDATED_AT
) VALUES
	(1,'com.github.vvorks.builder','main','ビルダープロジェクト','自己記述プロジェクト','','Apache License v2.0',(strftime('%s', 'now') * 1000)),
	(2,'test','test','テストプロジェクト','記述テスト用プロジェクト','','Apache License v2.0',(strftime('%s', 'now') * 1000))
ON CONFLICT DO NOTHING;
INSERT INTO T_PROJECT_I18N (
	F_OWNER_PROJECT_ID,
	F_TARGET_LOCALE_ID,
	F_TITLE,
	F_DESCRIPTION,
	F__LAST_UPDATED_AT
) VALUES
	(1,'en','builder project','self description project',(strftime('%s', 'now') * 1000)),
	(1,'ja','ビルダープロジェクト','自己記述プロジェクト',(strftime('%s', 'now') * 1000))
ON CONFLICT DO NOTHING;
INSERT INTO T_CLASS (
	F_CLASS_ID,
	F_OWNER_PROJECT_ID,
	F_CLASS_NAME,
	F_ORDER_EXPR,
	F_TITLE_EXPR,
	F_TITLE,
	F_DESCRIPTION,
	F_NOTE,
	F__LAST_UPDATED_AT
) VALUES
	(1,1,'Project','projectId','projectName+''(''+title+'')''','プロジェクト',NULL,NULL,(strftime('%s', 'now') * 1000)),
	(2,1,'ProjectI18n','owner.projectId, target.localeId','owner.projectName+''(''+owner.title+''/I18n)''','プロジェクト(I18n)',NULL,NULL,(strftime('%s', 'now') * 1000)),
	(3,1,'Class','classId','className+''(''+title+'')''','クラス',NULL,NULL,(strftime('%s', 'now') * 1000)),
	(4,1,'ClassI18n','owner.classId','owner.className+''(''+owner.title+'')''','クラス(I18n)',NULL,NULL,(strftime('%s', 'now') * 1000)),
	(5,1,'Field','fieldId','owner.className+''/''+fieldName','フィールド',NULL,NULL,(strftime('%s', 'now') * 1000)),
	(6,1,'FieldI18n','owner.fieldId','owner.owner.className+''/''+owner.fieldName','フィールド(I18n)',NULL,NULL,(strftime('%s', 'now') * 1000)),
	(7,1,'Query','queryId','title','クエリー',NULL,NULL,(strftime('%s', 'now') * 1000)),
	(8,1,'Enum','enumId','enumName+''(''+title+'')''','列挙',NULL,NULL,(strftime('%s', 'now') * 1000)),
	(9,1,'EnumI18n','owner.enumId','owner.enumName+''(''+owner.title+'')''','列挙(I18n)',NULL,NULL,(strftime('%s', 'now') * 1000)),
	(10,1,'EnumValue','code','valueId','列挙値',NULL,NULL,(strftime('%s', 'now') * 1000)),
	(11,1,'EnumValueI18n','owner.code','owner.valueId','列挙値(I18n)',NULL,NULL,(strftime('%s', 'now') * 1000)),
	(12,1,'Message','messageId','messageName','メッセージ',NULL,NULL,(strftime('%s', 'now') * 1000)),
	(13,1,'MessageI18n','owner.messageId','owner.messageName','メッセージ(I18n)',NULL,NULL,(strftime('%s', 'now') * 1000)),
	(14,1,'Style','styleName','styleName','スタイル',NULL,NULL,(strftime('%s', 'now') * 1000)),
	(15,1,'Widget','widgetName','widgetName','ウィジェット',NULL,NULL,(strftime('%s', 'now') * 1000)),
	(16,1,'PageSet','pageSetName','pageSetName','ページセット',NULL,NULL,(strftime('%s', 'now') * 1000)),
	(17,1,'Page','>width, >height','owner.pageSetName+''(''+width+''x''+height+'')''','ページ',NULL,NULL,(strftime('%s', 'now') * 1000)),
	(18,1,'Layout','layoutId','layoutId','レイアウト',NULL,NULL,(strftime('%s', 'now') * 1000)),
	(19,1,'Locale','title','title','ロケール','ロケールマスタ','必要な分だけ登録',(strftime('%s', 'now') * 1000)),
	(20,2,'Otamesshi','otameshiId','otameshiId','お試しクラス','お試しクラスです。','お試しが終わったら消す事',(strftime('%s', 'now') * 1000)),
	(21,2,'Namihei','namiheiId','name','波平',NULL,NULL,(strftime('%s', 'now') * 1000)),
	(22,2,'Sazae','sazaeId','name','サザエ',NULL,NULL,(strftime('%s', 'now') * 1000)),
	(23,2,'Katsuo','katsuoId','name','カツオ',NULL,NULL,(strftime('%s', 'now') * 1000)),
	(24,2,'Wakame','wakameId','name','ワカメ',NULL,NULL,(strftime('%s', 'now') * 1000)),
	(25,2,'Tara','taraId','name','タラ',NULL,NULL,(strftime('%s', 'now') * 1000))
ON CONFLICT DO NOTHING;
INSERT INTO T_CLASS_I18N (
	F_OWNER_CLASS_ID,
	F_TARGET_LOCALE_ID,
	F_TITLE,
	F_DESCRIPTION,
	F__LAST_UPDATED_AT
) VALUES
	(1,'ja','プロジェクト',NULL,(strftime('%s', 'now') * 1000)),
	(1,'en','Project',NULL,(strftime('%s', 'now') * 1000)),
	(2,'ja','プロジェクト(I18n)',NULL,(strftime('%s', 'now') * 1000)),
	(2,'en','ProjectI18n',NULL,(strftime('%s', 'now') * 1000)),
	(3,'ja','クラス',NULL,(strftime('%s', 'now') * 1000)),
	(3,'en','Class',NULL,(strftime('%s', 'now') * 1000)),
	(4,'ja','クラス(I18n)',NULL,(strftime('%s', 'now') * 1000)),
	(4,'en','ClassI18n',NULL,(strftime('%s', 'now') * 1000)),
	(5,'ja','フィールド',NULL,(strftime('%s', 'now') * 1000)),
	(5,'en','Field',NULL,(strftime('%s', 'now') * 1000)),
	(6,'ja','フィールド(I18n)',NULL,(strftime('%s', 'now') * 1000)),
	(6,'en','FieldI18n',NULL,(strftime('%s', 'now') * 1000)),
	(7,'ja','クエリー',NULL,(strftime('%s', 'now') * 1000)),
	(7,'en','Query',NULL,(strftime('%s', 'now') * 1000)),
	(8,'ja','列挙',NULL,(strftime('%s', 'now') * 1000)),
	(8,'en','Enum',NULL,(strftime('%s', 'now') * 1000)),
	(9,'ja','列挙(I18n)',NULL,(strftime('%s', 'now') * 1000)),
	(9,'en','EnumI18n',NULL,(strftime('%s', 'now') * 1000)),
	(10,'ja','列挙値',NULL,(strftime('%s', 'now') * 1000)),
	(10,'en','EnumValue',NULL,(strftime('%s', 'now') * 1000)),
	(11,'ja','列挙値(I18n)',NULL,(strftime('%s', 'now') * 1000)),
	(11,'en','EnumValueI18n',NULL,(strftime('%s', 'now') * 1000)),
	(12,'ja','メッセージ',NULL,(strftime('%s', 'now') * 1000)),
	(12,'en','Message',NULL,(strftime('%s', 'now') * 1000)),
	(13,'ja','メッセージ(I18n)',NULL,(strftime('%s', 'now') * 1000)),
	(13,'en','MessageI18n',NULL,(strftime('%s', 'now') * 1000)),
	(14,'ja','スタイル',NULL,(strftime('%s', 'now') * 1000)),
	(14,'en','Style',NULL,(strftime('%s', 'now') * 1000)),
	(15,'ja','ウィジェット',NULL,(strftime('%s', 'now') * 1000)),
	(15,'en','Widget',NULL,(strftime('%s', 'now') * 1000)),
	(16,'ja','ページセット',NULL,(strftime('%s', 'now') * 1000)),
	(16,'en','PageSet',NULL,(strftime('%s', 'now') * 1000)),
	(17,'ja','ページ',NULL,(strftime('%s', 'now') * 1000)),
	(17,'en','Page',NULL,(strftime('%s', 'now') * 1000)),
	(18,'ja','レイアウト',NULL,(strftime('%s', 'now') * 1000)),
	(18,'en','Layout',NULL,(strftime('%s', 'now') * 1000)),
	(19,'ja','ロケール','ロケールマスタ',(strftime('%s', 'now') * 1000)),
	(19,'en','Locale',NULL,(strftime('%s', 'now') * 1000)),
	(20,'ja','お試しクラス','お試しクラスです。',(strftime('%s', 'now') * 1000)),
	(20,'en','Otamesshi',NULL,(strftime('%s', 'now') * 1000)),
	(21,'ja','波平',NULL,(strftime('%s', 'now') * 1000)),
	(21,'en','Namihei',NULL,(strftime('%s', 'now') * 1000)),
	(22,'ja','サザエ',NULL,(strftime('%s', 'now') * 1000)),
	(22,'en','Sazae',NULL,(strftime('%s', 'now') * 1000)),
	(23,'ja','カツオ',NULL,(strftime('%s', 'now') * 1000)),
	(23,'en','Katsuo',NULL,(strftime('%s', 'now') * 1000)),
	(24,'ja','ワカメ',NULL,(strftime('%s', 'now') * 1000)),
	(24,'en','Wakame',NULL,(strftime('%s', 'now') * 1000)),
	(25,'ja','タラ',NULL,(strftime('%s', 'now') * 1000)),
	(25,'en','Tara',NULL,(strftime('%s', 'now') * 1000))
ON CONFLICT DO NOTHING;
INSERT INTO T_FIELD (
	F_FIELD_ID,
	F_OWNER_CLASS_ID,
	F_FIELD_NAME,
	F_TYPE,
	F_WIDTH,
	F_SCALE,
	F_CREF_CLASS_ID,
	F_EREF_ENUM_ID,
	F_FREF_FIELD_ID,
	F_PK,
	F_NULLABLE,
	F_NEEDS_SUM,
	F_NEEDS_AVG,
	F_NEEDS_MAX,
	F_NEEDS_MIN,
	F_IS_CONTAINER,
	F_FORMAT,
	F_TITLE,
	F_DESCRIPTION,
	F_NOTE,
	F__LAST_UPDATED_AT
) VALUES
	(1,1,'projectId','KEY',0,0,0,0,0,1,0,0,0,0,0,0,'','プロジェクトID','','（代理キー）',(strftime('%s', 'now') * 1000)),
	(2,1,'projectName','STRING',0,0,0,0,0,0,0,0,0,0,0,0,'','プロジェクト名','','ベースパッケージ名を兼ねる',(strftime('%s', 'now') * 1000)),
	(3,1,'gradleName','STRING',0,0,0,0,0,0,0,0,0,0,0,0,'','gradleサブプロジェクト名','','',(strftime('%s', 'now') * 1000)),
	(4,1,'title','STRING',0,0,0,0,NULL,0,0,0,0,0,0,0,'','タイトル',NULL,NULL,(strftime('%s', 'now') * 1000)),
	(5,1,'description','STRING',0,0,0,0,NULL,0,1,0,0,0,0,0,'','説明',NULL,NULL,(strftime('%s', 'now') * 1000)),
	(6,1,'note','STRING',0,0,0,0,NULL,0,1,0,0,0,0,0,'','メモ',NULL,NULL,(strftime('%s', 'now') * 1000)),
	(7,1,'copyrights','STRING',0,0,0,0,NULL,0,1,0,0,0,0,0,'','著作権',NULL,NULL,(strftime('%s', 'now') * 1000)),
	(8,1,'classes','SET',0,0,NULL,NULL,21,0,0,0,0,0,0,1,'','クラス一覧',NULL,NULL,(strftime('%s', 'now') * 1000)),
	(9,1,'enums','SET',0,0,NULL,NULL,70,0,0,0,0,0,0,1,'','列挙一覧',NULL,NULL,(strftime('%s', 'now') * 1000)),
	(10,1,'messages','SET',0,0,NULL,NULL,94,0,0,0,0,0,0,1,'','メッセージ一覧',NULL,NULL,(strftime('%s', 'now') * 1000)),
	(11,1,'styles','SET',0,0,NULL,NULL,102,0,0,0,0,0,0,1,'','スタイル一覧',NULL,NULL,(strftime('%s', 'now') * 1000)),
	(12,1,'widgets','SET',0,0,NULL,NULL,123,0,0,0,0,0,0,1,'','',NULL,NULL,(strftime('%s', 'now') * 1000)),
	(13,1,'pageSets','SET',0,0,NULL,NULL,128,0,0,0,0,0,0,1,'','',NULL,NULL,(strftime('%s', 'now') * 1000)),
	(14,1,'locales','SET',0,0,NULL,NULL,156,0,0,0,0,0,0,1,'','ロケール一覧',NULL,NULL,(strftime('%s', 'now') * 1000)),
	(15,1,'i18ns','SET',0,0,NULL,NULL,16,0,0,0,0,0,0,1,'','I18n一覧',NULL,NULL,(strftime('%s', 'now') * 1000)),
	(16,2,'owner','REF',0,0,1,0,0,1,0,0,0,0,0,0,'','所属プロジェクト','','',(strftime('%s', 'now') * 1000)),
	(17,2,'target','REF',0,0,19,NULL,NULL,1,1,0,0,0,0,0,'','対象ロケール',NULL,NULL,(strftime('%s', 'now') * 1000)),
	(18,2,'title','STRING',0,0,0,0,NULL,0,1,0,0,0,0,0,'','タイトル',NULL,NULL,(strftime('%s', 'now') * 1000)),
	(19,2,'description','STRING',0,0,0,0,NULL,0,1,0,0,0,0,0,'','説明',NULL,NULL,(strftime('%s', 'now') * 1000)),
	(20,3,'classId','KEY',0,0,0,0,0,1,0,0,0,0,0,0,'','クラスID','','（代理キー）',(strftime('%s', 'now') * 1000)),
	(21,3,'owner','REF',0,0,1,0,0,0,0,0,0,0,0,0,'','所属プロジェクト','','',(strftime('%s', 'now') * 1000)),
	(22,3,'className','STRING',0,0,0,0,0,0,0,0,0,0,0,0,'','クラス名','','',(strftime('%s', 'now') * 1000)),
	(23,3,'orderExpr','STRING',0,0,0,0,NULL,0,0,0,0,0,0,0,'','オーダー式','デフォルトの表示順を表す式',NULL,(strftime('%s', 'now') * 1000)),
	(24,3,'titleExpr','STRING',0,0,0,0,NULL,0,0,0,0,0,0,0,'','タイトル表示式','オブジェクトのタイトルを表現する式',NULL,(strftime('%s', 'now') * 1000)),
	(25,3,'title','STRING',0,0,0,0,NULL,0,0,0,0,0,0,0,'','タイトル',NULL,NULL,(strftime('%s', 'now') * 1000)),
	(26,3,'description','STRING',0,0,0,0,NULL,0,1,0,0,0,0,0,'','説明',NULL,NULL,(strftime('%s', 'now') * 1000)),
	(27,3,'note','STRING',0,0,0,0,NULL,0,1,0,0,0,0,0,'','メモ',NULL,NULL,(strftime('%s', 'now') * 1000)),
	(28,3,'fields','SET',0,0,NULL,NULL,36,0,0,0,0,0,0,1,'','フィールド一覧',NULL,NULL,(strftime('%s', 'now') * 1000)),
	(29,3,'queries','SET',0,0,NULL,NULL,62,0,0,0,0,0,0,1,'','クエリー一覧',NULL,NULL,(strftime('%s', 'now') * 1000)),
	(30,3,'i18ns','SET',0,0,NULL,NULL,31,0,0,0,0,0,0,1,'','I18n一覧',NULL,NULL,(strftime('%s', 'now') * 1000)),
	(31,4,'owner','REF',0,0,3,0,0,1,0,0,0,0,0,0,'','所属クラス','','',(strftime('%s', 'now') * 1000)),
	(32,4,'target','REF',0,0,19,NULL,NULL,1,1,0,0,0,0,0,'','対象ロケール',NULL,NULL,(strftime('%s', 'now') * 1000)),
	(33,4,'title','STRING',0,0,0,0,NULL,0,1,0,0,0,0,0,'','タイトル',NULL,NULL,(strftime('%s', 'now') * 1000)),
	(34,4,'description','STRING',0,0,0,0,NULL,0,1,0,0,0,0,0,'','説明',NULL,NULL,(strftime('%s', 'now') * 1000)),
	(35,5,'fieldId','KEY',0,0,0,0,0,1,0,0,0,0,0,0,'','フィールドID','','（代理キー）',(strftime('%s', 'now') * 1000)),
	(36,5,'owner','REF',0,0,3,0,0,0,0,0,0,0,0,0,'','所属クラス','','',(strftime('%s', 'now') * 1000)),
	(37,5,'fieldName','STRING',0,0,NULL,NULL,NULL,0,0,0,0,0,0,0,'','フィールド名',NULL,NULL,(strftime('%s', 'now') * 1000)),
	(38,5,'type','ENUM',0,0,NULL,1,NULL,0,0,0,0,0,0,0,'','フィールド型',NULL,NULL,(strftime('%s', 'now') * 1000)),
	(39,5,'width','INTEGER',32,0,NULL,NULL,NULL,0,0,0,0,0,0,0,'','フィールド型の幅',NULL,NULL,(strftime('%s', 'now') * 1000)),
	(40,5,'scale','INTEGER',32,0,NULL,NULL,NULL,0,0,0,0,0,0,0,'','フィールド型精度',NULL,NULL,(strftime('%s', 'now') * 1000)),
	(41,5,'cref','REF',0,0,3,NULL,NULL,0,1,0,0,0,0,0,'','クラス参照先',NULL,NULL,(strftime('%s', 'now') * 1000)),
	(42,5,'eref','REF',0,0,8,NULL,NULL,0,1,0,0,0,0,0,'','列挙参照先',NULL,NULL,(strftime('%s', 'now') * 1000)),
	(43,5,'fref','REF',0,0,5,NULL,NULL,0,1,0,0,0,0,0,'','フィールド参照先',NULL,NULL,(strftime('%s', 'now') * 1000)),
	(44,5,'pk','BOOLEAN',0,0,NULL,NULL,NULL,0,0,0,0,0,0,0,'','プライマリキー',NULL,NULL,(strftime('%s', 'now') * 1000)),
	(45,5,'nullable','BOOLEAN',0,0,NULL,NULL,NULL,0,0,0,0,0,0,0,'','NULL許容',NULL,NULL,(strftime('%s', 'now') * 1000)),
	(46,5,'needsSum','BOOLEAN',0,0,NULL,NULL,NULL,0,0,0,0,0,0,0,'','要合計値','数値型のみ使用',NULL,(strftime('%s', 'now') * 1000)),
	(47,5,'needsAvg','BOOLEAN',0,0,NULL,NULL,NULL,0,0,0,0,0,0,0,'','要平均値','数値型のみ使用',NULL,(strftime('%s', 'now') * 1000)),
	(48,5,'needsMax','BOOLEAN',0,0,NULL,NULL,NULL,0,0,0,0,0,0,0,'','要最大値','数値型のみ使用',NULL,(strftime('%s', 'now') * 1000)),
	(49,5,'needsMin','BOOLEAN',0,0,NULL,NULL,NULL,0,0,0,0,0,0,0,'','要最小値','数値型のみ使用',NULL,(strftime('%s', 'now') * 1000)),
	(50,5,'isContainer','BOOLEAN',0,0,NULL,NULL,NULL,0,0,0,0,0,0,0,'','主保持SET','SET型のみ使用。このSETが保持要素の主たる保持先か否かを示す。',NULL,(strftime('%s', 'now') * 1000)),
	(51,5,'format','STRING',0,0,NULL,NULL,NULL,0,0,0,0,0,0,0,'','書式','画面用項目書式',NULL,(strftime('%s', 'now') * 1000)),
	(52,5,'title','STRING',0,0,NULL,NULL,NULL,0,0,0,0,0,0,0,'','タイトル',NULL,NULL,(strftime('%s', 'now') * 1000)),
	(53,5,'description','STRING',0,0,NULL,NULL,NULL,0,1,0,0,0,0,0,'','説明',NULL,NULL,(strftime('%s', 'now') * 1000)),
	(54,5,'note','STRING',0,0,NULL,NULL,NULL,0,1,0,0,0,0,0,'','メモ',NULL,NULL,(strftime('%s', 'now') * 1000)),
	(55,5,'i18ns','SET',0,0,NULL,NULL,56,0,0,0,0,0,0,1,'','I18n一覧',NULL,NULL,(strftime('%s', 'now') * 1000)),
	(56,6,'owner','REF',0,0,5,0,0,1,0,0,0,0,0,0,'','所属フィールド','','',(strftime('%s', 'now') * 1000)),
	(57,6,'target','REF',0,0,19,NULL,NULL,1,1,0,0,0,0,0,'','対象ロケール',NULL,NULL,(strftime('%s', 'now') * 1000)),
	(58,6,'format','STRING',0,0,NULL,NULL,NULL,0,1,0,0,0,0,0,'','書式',NULL,NULL,(strftime('%s', 'now') * 1000)),
	(59,6,'title','STRING',0,0,NULL,NULL,NULL,0,1,0,0,0,0,0,'','タイトル',NULL,NULL,(strftime('%s', 'now') * 1000)),
	(60,6,'description','STRING',0,0,NULL,NULL,NULL,0,1,0,0,0,0,0,'','説明',NULL,NULL,(strftime('%s', 'now') * 1000)),
	(61,7,'queryId','KEY',0,0,0,0,0,1,0,0,0,0,0,0,'','クエリーID','','（代理キー）',(strftime('%s', 'now') * 1000)),
	(62,7,'owner','REF',0,0,3,0,0,0,0,0,0,0,0,0,'','所属クラス','','',(strftime('%s', 'now') * 1000)),
	(63,7,'queryName','STRING',0,0,NULL,NULL,NULL,0,0,0,0,0,0,0,'','クエリー名',NULL,NULL,(strftime('%s', 'now') * 1000)),
	(64,7,'filter','STRING',0,0,NULL,NULL,NULL,0,0,0,0,0,0,0,'','抽出条件','抽出条件を式形式で記載する',NULL,(strftime('%s', 'now') * 1000)),
	(65,7,'order','STRING',0,0,NULL,NULL,NULL,0,0,0,0,0,0,0,'','ソート条件','ソート条件を式形式で記載する',NULL,(strftime('%s', 'now') * 1000)),
	(66,7,'title','STRING',0,0,NULL,NULL,NULL,0,0,0,0,0,0,0,'','タイトル',NULL,NULL,(strftime('%s', 'now') * 1000)),
	(67,7,'description','STRING',0,0,NULL,NULL,NULL,0,1,0,0,0,0,0,'','説明',NULL,NULL,(strftime('%s', 'now') * 1000)),
	(68,7,'note','STRING',0,0,NULL,NULL,NULL,0,1,0,0,0,0,0,'','メモ',NULL,NULL,(strftime('%s', 'now') * 1000)),
	(69,8,'enumId','KEY',0,0,0,0,0,1,0,0,0,0,0,0,'','列挙ID','','（代理キー）',(strftime('%s', 'now') * 1000)),
	(70,8,'owner','REF',0,0,1,0,0,0,0,0,0,0,0,0,'','所属プロジェクト','','',(strftime('%s', 'now') * 1000)),
	(71,8,'enumName','STRING',0,0,NULL,NULL,NULL,0,0,0,0,0,0,0,'','列挙名',NULL,NULL,(strftime('%s', 'now') * 1000)),
	(72,8,'encodeString','BOOLEAN',0,0,NULL,NULL,NULL,0,0,0,0,0,0,0,'','文字列エンコード','文字列エンコードする場合、真',NULL,(strftime('%s', 'now') * 1000)),
	(73,8,'title','STRING',0,0,NULL,NULL,NULL,0,0,0,0,0,0,0,'','タイトル',NULL,NULL,(strftime('%s', 'now') * 1000)),
	(74,8,'description','STRING',0,0,NULL,NULL,NULL,0,1,0,0,0,0,0,'','説明',NULL,NULL,(strftime('%s', 'now') * 1000)),
	(75,8,'note','STRING',0,0,NULL,NULL,NULL,0,1,0,0,0,0,0,'','メモ',NULL,NULL,(strftime('%s', 'now') * 1000)),
	(76,8,'values','SET',0,0,0,0,82,0,0,0,0,0,0,1,'','列挙値一覧','','',(strftime('%s', 'now') * 1000)),
	(77,8,'i18ns','SET',0,0,NULL,NULL,78,0,0,0,0,0,0,1,'','I18n一覧',NULL,NULL,(strftime('%s', 'now') * 1000)),
	(78,9,'owner','REF',0,0,8,0,0,1,0,0,0,0,0,0,'','所属列挙','','',(strftime('%s', 'now') * 1000)),
	(79,9,'target','REF',0,0,19,NULL,NULL,1,1,0,0,0,0,0,'','対象ロケール',NULL,NULL,(strftime('%s', 'now') * 1000)),
	(80,9,'title','STRING',0,0,NULL,NULL,NULL,0,1,0,0,0,0,0,'','タイトル',NULL,NULL,(strftime('%s', 'now') * 1000)),
	(81,9,'description','STRING',0,0,NULL,NULL,NULL,0,1,0,0,0,0,0,'','説明',NULL,NULL,(strftime('%s', 'now') * 1000)),
	(82,10,'owner','REF',0,0,8,0,0,1,0,0,0,0,0,0,'','所属列挙','','',(strftime('%s', 'now') * 1000)),
	(83,10,'valueId','STRING',0,0,0,0,0,1,0,0,0,0,0,0,'','列挙名','','',(strftime('%s', 'now') * 1000)),
	(84,10,'code','INTEGER',32,0,NULL,NULL,NULL,0,0,0,0,0,0,0,'','列挙コード',NULL,NULL,(strftime('%s', 'now') * 1000)),
	(85,10,'title','STRING',0,0,NULL,NULL,NULL,0,0,0,0,0,0,0,'','タイトル',NULL,NULL,(strftime('%s', 'now') * 1000)),
	(86,10,'description','STRING',0,0,NULL,NULL,NULL,0,1,0,0,0,0,0,'','説明',NULL,NULL,(strftime('%s', 'now') * 1000)),
	(87,10,'note','STRING',0,0,NULL,NULL,NULL,0,1,0,0,0,0,0,'','メモ',NULL,NULL,(strftime('%s', 'now') * 1000)),
	(88,10,'i18ns','SET',0,0,NULL,NULL,89,0,0,0,0,0,0,1,'','I18n一覧',NULL,NULL,(strftime('%s', 'now') * 1000)),
	(89,11,'owner','REF',0,0,10,0,0,1,0,0,0,0,0,0,'','所属列挙値','','',(strftime('%s', 'now') * 1000)),
	(90,11,'target','REF',0,0,19,NULL,NULL,1,1,0,0,0,0,0,'','対象ロケール',NULL,NULL,(strftime('%s', 'now') * 1000)),
	(91,11,'title','STRING',0,0,NULL,NULL,NULL,0,1,0,0,0,0,0,'','タイトル',NULL,NULL,(strftime('%s', 'now') * 1000)),
	(92,11,'description','STRING',0,0,NULL,NULL,NULL,0,1,0,0,0,0,0,'','説明',NULL,NULL,(strftime('%s', 'now') * 1000)),
	(93,12,'messageId','KEY',0,0,0,0,0,1,0,0,0,0,0,0,'','メッセージID','','',(strftime('%s', 'now') * 1000)),
	(94,12,'owner','REF',0,0,1,0,0,0,0,0,0,0,0,0,'','所属プロジェクト','','',(strftime('%s', 'now') * 1000)),
	(95,12,'messageName','STRING',0,0,0,0,0,0,0,0,0,0,0,0,'','メッセージ名','','',(strftime('%s', 'now') * 1000)),
	(96,12,'message','STRING',0,0,NULL,NULL,NULL,0,0,0,0,0,0,0,'','メッセージ',NULL,NULL,(strftime('%s', 'now') * 1000)),
	(97,12,'i18ns','SET',0,0,NULL,NULL,98,0,0,0,0,0,0,1,'','I18n一覧',NULL,NULL,(strftime('%s', 'now') * 1000)),
	(98,13,'owner','REF',0,0,12,0,0,1,0,0,0,0,0,0,'','所属列挙値','','',(strftime('%s', 'now') * 1000)),
	(99,13,'target','REF',0,0,19,NULL,NULL,1,1,0,0,0,0,0,'','対象ロケール',NULL,NULL,(strftime('%s', 'now') * 1000)),
	(100,13,'message','STRING',0,0,0,0,NULL,0,1,0,0,0,0,0,'','メッセージ',NULL,NULL,(strftime('%s', 'now') * 1000)),
	(101,14,'styleId','KEY',0,0,0,0,0,1,0,0,0,0,0,0,'','スタイルID','','',(strftime('%s', 'now') * 1000)),
	(102,14,'owner','REF',0,0,1,0,NULL,0,0,0,0,0,0,0,'','所属プロジェクト',NULL,NULL,(strftime('%s', 'now') * 1000)),
	(103,14,'styleName','STRING',0,0,0,0,NULL,0,0,0,0,0,0,0,'','スタイル名',NULL,NULL,(strftime('%s', 'now') * 1000)),
	(104,14,'children','SET',0,0,0,0,105,0,0,0,0,0,0,0,'','派生スタイル',NULL,NULL,(strftime('%s', 'now') * 1000)),
	(105,14,'parent','REF',0,0,14,0,NULL,0,1,0,0,0,0,0,'','基底スタイル',NULL,NULL,(strftime('%s', 'now') * 1000)),
	(106,14,'cond','ENUM',0,0,0,2,NULL,0,0,0,0,0,0,0,'','適用条件',NULL,NULL,(strftime('%s', 'now') * 1000)),
	(107,14,'condParam','STRING',0,0,0,0,NULL,0,1,0,0,0,0,0,'','適用条件パラメータ',NULL,NULL,(strftime('%s', 'now') * 1000)),
	(108,14,'textColor','STRING',0,0,0,0,NULL,0,1,0,0,0,0,0,'','前景色',NULL,NULL,(strftime('%s', 'now') * 1000)),
	(109,14,'backgroundColor','STRING',0,0,0,0,NULL,0,1,0,0,0,0,0,'','背景色',NULL,NULL,(strftime('%s', 'now') * 1000)),
	(110,14,'backgroundImage','STRING',0,0,0,0,NULL,0,1,0,0,0,0,0,'','背景画像URL',NULL,NULL,(strftime('%s', 'now') * 1000)),
	(111,14,'borderLeft','STRING',0,0,0,0,NULL,0,1,0,0,0,0,0,'','ボーダーサイズ(Length)（左）',NULL,NULL,(strftime('%s', 'now') * 1000)),
	(112,14,'borderTop','STRING',0,0,0,0,NULL,0,1,0,0,0,0,0,'','ボーダーサイズ(Length)（上）',NULL,NULL,(strftime('%s', 'now') * 1000)),
	(113,14,'borderRight','STRING',0,0,0,0,NULL,0,1,0,0,0,0,0,'','ボーダーサイズ(Length)（右）',NULL,NULL,(strftime('%s', 'now') * 1000)),
	(114,14,'borderBottom','STRING',0,0,0,0,NULL,0,1,0,0,0,0,0,'','ボーダーサイズ(Length)（下）',NULL,NULL,(strftime('%s', 'now') * 1000)),
	(115,14,'borderColor','STRING',0,0,0,0,NULL,0,1,0,0,0,0,0,'','ボーダー色',NULL,NULL,(strftime('%s', 'now') * 1000)),
	(116,14,'borderImage','STRING',0,0,0,0,NULL,0,1,0,0,0,0,0,'','ボーダー画像URL',NULL,NULL,(strftime('%s', 'now') * 1000)),
	(117,14,'fontSize','STRING',0,0,0,0,NULL,0,1,0,0,0,0,0,'','フォントサイズ(Length)',NULL,NULL,(strftime('%s', 'now') * 1000)),
	(118,14,'fontFamily','STRING',0,0,0,0,NULL,0,1,0,0,0,0,0,'','フォントの種類',NULL,NULL,(strftime('%s', 'now') * 1000)),
	(119,14,'lineHeight','STRING',0,0,0,0,NULL,0,1,0,0,0,0,0,'','行の高さ(Length)',NULL,NULL,(strftime('%s', 'now') * 1000)),
	(120,14,'textAlign','STRING',0,0,0,0,NULL,0,1,0,0,0,0,0,'','行の揃え位置',NULL,NULL,(strftime('%s', 'now') * 1000)),
	(121,14,'verticalAlign','STRING',0,0,0,0,NULL,0,1,0,0,0,0,0,'','縦方向の揃え位置',NULL,NULL,(strftime('%s', 'now') * 1000)),
	(122,15,'widgetId','KEY',0,0,0,0,0,1,0,0,0,0,0,0,'','ウィジェットId','','',(strftime('%s', 'now') * 1000)),
	(123,15,'owner','REF',0,0,1,0,NULL,0,0,0,0,0,0,0,'','所属プロジェクト',NULL,NULL,(strftime('%s', 'now') * 1000)),
	(124,15,'widgetName','STRING',0,0,0,0,NULL,0,0,0,0,0,0,0,'','ウィジェット名','完全修飾名またはプロジェクト相対修飾名',NULL,(strftime('%s', 'now') * 1000)),
	(125,15,'title','STRING',0,0,0,0,NULL,0,0,0,0,0,0,0,'','タイトル',NULL,NULL,(strftime('%s', 'now') * 1000)),
	(126,15,'description','STRING',0,0,0,0,NULL,0,0,0,0,0,0,0,'','説明',NULL,NULL,(strftime('%s', 'now') * 1000)),
	(127,16,'pageSetId','KEY',0,0,0,0,0,1,0,0,0,0,0,0,'','ページセットId','','',(strftime('%s', 'now') * 1000)),
	(128,16,'owner','REF',0,0,1,0,NULL,0,0,0,0,0,0,0,'','所属プロジェクト',NULL,NULL,(strftime('%s', 'now') * 1000)),
	(129,16,'pageSetName','STRING',0,0,0,0,NULL,0,0,0,0,0,0,0,'','ページセット名',NULL,NULL,(strftime('%s', 'now') * 1000)),
	(130,16,'title','STRING',0,0,0,0,NULL,0,0,0,0,0,0,0,'','タイトル',NULL,NULL,(strftime('%s', 'now') * 1000)),
	(131,16,'description','STRING',0,0,0,0,NULL,0,1,0,0,0,0,0,'','説明',NULL,NULL,(strftime('%s', 'now') * 1000)),
	(132,16,'pages','SET',0,0,0,0,134,0,0,0,0,0,0,1,'','ページ一覧',NULL,NULL,(strftime('%s', 'now') * 1000)),
	(133,17,'pageId','KEY',0,0,0,0,0,1,0,0,0,0,0,0,'','ページId','','',(strftime('%s', 'now') * 1000)),
	(134,17,'owner','REF',0,0,16,0,NULL,0,0,0,0,0,0,0,'','所属ページセット',NULL,NULL,(strftime('%s', 'now') * 1000)),
	(135,17,'context','REF',0,0,3,0,NULL,0,1,0,0,0,0,0,'','コンテキストクラス',NULL,NULL,(strftime('%s', 'now') * 1000)),
	(136,17,'width','INTEGER',0,0,0,0,NULL,0,0,0,0,0,0,0,'','ページ幅',NULL,NULL,(strftime('%s', 'now') * 1000)),
	(137,17,'height','INTEGER',0,0,0,0,NULL,0,0,0,0,0,0,0,'','ページ高さ',NULL,NULL,(strftime('%s', 'now') * 1000)),
	(138,17,'layouts','SET',0,0,0,0,140,0,0,0,0,0,0,1,'','レイアウト一覧',NULL,NULL,(strftime('%s', 'now') * 1000)),
	(139,18,'layoutId','KEY',0,0,0,0,0,1,0,0,0,0,0,0,'','レイアウトId','','',(strftime('%s', 'now') * 1000)),
	(140,18,'owner','REF',0,0,17,0,NULL,0,0,0,0,0,0,0,'','所属ページ',NULL,NULL,(strftime('%s', 'now') * 1000)),
	(141,18,'children','SET',0,0,0,0,142,0,0,0,0,0,0,0,'','子レイアウト',NULL,NULL,(strftime('%s', 'now') * 1000)),
	(142,18,'parent','REF',0,0,18,0,NULL,0,1,0,0,0,0,0,'','親レイアウト',NULL,NULL,(strftime('%s', 'now') * 1000)),
	(143,18,'layoutType','ENUM',0,0,0,3,NULL,0,0,0,0,0,0,0,'','レイアウト種別',NULL,NULL,(strftime('%s', 'now') * 1000)),
	(144,18,'target','REF',0,0,5,0,NULL,0,1,0,0,0,0,0,'','対象フィールド',NULL,'対象フィールドと対象メッセージは排他的に使用',(strftime('%s', 'now') * 1000)),
	(145,18,'const','REF',0,0,12,0,NULL,0,1,0,0,0,0,0,'','対象メッセージ',NULL,NULL,(strftime('%s', 'now') * 1000)),
	(146,18,'widget','REF',0,0,15,0,NULL,0,1,0,0,0,0,0,'','使用Widget','未指定の場合はレイアウトタイプおよび指定フィールドの型別の既定Widgetが割り当てられる',NULL,(strftime('%s', 'now') * 1000)),
	(147,18,'layoutParam','STRING',0,0,0,0,NULL,0,1,0,0,0,0,0,'','レイアウトパラメータ','定義値はWidget毎に異なる',NULL,(strftime('%s', 'now') * 1000)),
	(148,18,'style','REF',0,0,14,0,NULL,0,1,0,0,0,0,0,'','使用スタイル',NULL,NULL,(strftime('%s', 'now') * 1000)),
	(149,18,'left','STRING',0,0,0,0,NULL,0,1,0,0,0,0,0,'','左位置',NULL,NULL,(strftime('%s', 'now') * 1000)),
	(150,18,'top','STRING',0,0,0,0,NULL,0,1,0,0,0,0,0,'','上位置',NULL,NULL,(strftime('%s', 'now') * 1000)),
	(151,18,'right','STRING',0,0,0,0,NULL,0,1,0,0,0,0,0,'','右位置',NULL,NULL,(strftime('%s', 'now') * 1000)),
	(152,18,'bottom','STRING',0,0,0,0,NULL,0,1,0,0,0,0,0,'','下位置',NULL,NULL,(strftime('%s', 'now') * 1000)),
	(153,18,'width','STRING',0,0,0,0,NULL,0,1,0,0,0,0,0,'','幅',NULL,NULL,(strftime('%s', 'now') * 1000)),
	(154,18,'height','STRING',0,0,0,0,NULL,0,1,0,0,0,0,0,'','高さ',NULL,NULL,(strftime('%s', 'now') * 1000)),
	(155,19,'localeId','STRING',0,0,0,0,0,1,0,0,0,0,0,0,'','ロケールID','','',(strftime('%s', 'now') * 1000)),
	(156,19,'owner','REF',0,0,1,NULL,NULL,0,0,0,0,0,0,0,'','所属プロジェクト',NULL,NULL,(strftime('%s', 'now') * 1000)),
	(157,19,'title','STRING',0,0,NULL,NULL,NULL,0,0,0,0,0,0,0,'','タイトル',NULL,NULL,(strftime('%s', 'now') * 1000)),
	(158,19,'description','STRING',0,0,NULL,NULL,NULL,0,0,0,0,0,0,0,'','説明',NULL,NULL,(strftime('%s', 'now') * 1000)),
	(159,20,'otameshiId','KEY',0,0,0,0,0,1,0,0,0,0,0,0,'','お試しId','お試しIdです','お試しが終わったら消す事',(strftime('%s', 'now') * 1000)),
	(160,20,'owner','REF',0,0,20,0,0,0,0,0,0,0,0,0,'','','',NULL,(strftime('%s', 'now') * 1000)),
	(161,20,'children','SET',0,0,0,0,160,0,0,0,0,0,0,0,'','','',NULL,(strftime('%s', 'now') * 1000)),
	(162,20,'related','REF',0,0,20,0,0,0,1,0,0,0,0,0,'','','',NULL,(strftime('%s', 'now') * 1000)),
	(163,20,'relations','SET',0,0,0,0,162,0,0,0,0,0,0,0,'','','',NULL,(strftime('%s', 'now') * 1000)),
	(164,20,'booleanValue','BOOLEAN',0,0,NULL,NULL,NULL,0,0,0,0,0,0,0,'','booleanValue','booleanValueです','お試しが終わったら消す事',(strftime('%s', 'now') * 1000)),
	(165,20,'byteValue','INTEGER',8,0,0,0,0,0,0,1,0,0,0,0,'','',NULL,'お試しが終わったら消す事',(strftime('%s', 'now') * 1000)),
	(166,20,'shortValue','INTEGER',16,0,NULL,NULL,NULL,0,0,0,1,0,0,0,'','shortValue',NULL,'お試しが終わったら消す事',(strftime('%s', 'now') * 1000)),
	(167,20,'intValue','INTEGER',32,0,NULL,NULL,NULL,0,0,0,0,1,0,0,'','intValue','intValueです','お試しが終わったら消す事',(strftime('%s', 'now') * 1000)),
	(168,20,'nullableValue','INTEGER',32,0,NULL,NULL,NULL,0,1,0,0,0,1,0,'','nullableValue','nullableValueです','お試しが終わったら消す事',(strftime('%s', 'now') * 1000)),
	(169,20,'longValue','INTEGER',64,0,NULL,NULL,NULL,0,0,1,1,1,1,0,'','longValue','longValueです','お試しが終わったら消す事',(strftime('%s', 'now') * 1000)),
	(170,20,'floatValue','REAL',32,0,NULL,NULL,NULL,0,0,1,1,0,0,0,'','floatValue','floatValueです','お試しが終わったら消す事',(strftime('%s', 'now') * 1000)),
	(171,20,'doubleValue','REAL',64,0,NULL,NULL,NULL,0,0,0,0,1,1,0,'','doubleValue',NULL,'お試しが終わったら消す事',(strftime('%s', 'now') * 1000)),
	(172,20,'numericValue','NUMERIC',10,3,NULL,NULL,NULL,0,0,1,1,1,1,0,'','','numericValueです','お試しが終わったら消す事',(strftime('%s', 'now') * 1000)),
	(173,20,'dateValue','DATE',0,0,NULL,NULL,NULL,0,0,0,0,1,1,0,'','dateValue','dateValueです','お試しが終わったら消す事',(strftime('%s', 'now') * 1000)),
	(174,20,'strValue','STRING',0,0,NULL,NULL,NULL,0,0,0,0,0,0,0,'','strValue','strValueです','お試しが終わったら消す事',(strftime('%s', 'now') * 1000)),
	(175,21,'namiheiId','KEY',0,0,0,0,0,1,0,0,0,0,0,0,'','namiheiId','namiheiIdです','',(strftime('%s', 'now') * 1000)),
	(176,21,'name','STRING',0,0,NULL,NULL,NULL,0,0,0,0,0,0,0,'','name','nameです',NULL,(strftime('%s', 'now') * 1000)),
	(177,22,'sazaeId','KEY',0,0,0,0,0,1,0,0,0,0,0,0,'','','','',(strftime('%s', 'now') * 1000)),
	(178,22,'owner','REF',0,0,21,NULL,NULL,1,0,0,0,0,0,0,'','',NULL,NULL,(strftime('%s', 'now') * 1000)),
	(179,22,'name','STRING',0,0,NULL,NULL,NULL,0,0,0,0,0,0,0,'','name','nameです',NULL,(strftime('%s', 'now') * 1000)),
	(180,23,'katsuoId','KEY',0,0,0,0,0,1,0,0,0,0,0,0,'','','','',(strftime('%s', 'now') * 1000)),
	(181,23,'owner','REF',0,0,21,NULL,NULL,1,0,0,0,0,0,0,'','',NULL,NULL,(strftime('%s', 'now') * 1000)),
	(182,23,'name','STRING',0,0,NULL,NULL,NULL,0,0,0,0,0,0,0,'','name','nameです',NULL,(strftime('%s', 'now') * 1000)),
	(183,24,'wakameId','KEY',0,0,0,0,0,1,0,0,0,0,0,0,'','','','',(strftime('%s', 'now') * 1000)),
	(184,24,'owner','REF',0,0,21,NULL,NULL,1,0,0,0,0,0,0,'','',NULL,NULL,(strftime('%s', 'now') * 1000)),
	(185,24,'name','STRING',0,0,NULL,NULL,NULL,0,0,0,0,0,0,0,'','name','nameです',NULL,(strftime('%s', 'now') * 1000)),
	(186,25,'taraId','KEY',0,0,0,0,0,1,0,0,0,0,0,0,'','','','',(strftime('%s', 'now') * 1000)),
	(187,25,'owner','REF',0,0,22,NULL,NULL,1,0,0,0,0,0,0,'','',NULL,NULL,(strftime('%s', 'now') * 1000)),
	(188,25,'name','STRING',0,0,NULL,NULL,NULL,0,0,0,0,0,0,0,'','name','nameです',NULL,(strftime('%s', 'now') * 1000))
ON CONFLICT DO NOTHING;
INSERT INTO T_FIELD_I18N (
	F_OWNER_FIELD_ID,
	F_TARGET_LOCALE_ID,
	F_FORMAT,
	F_TITLE,
	F_DESCRIPTION,
	F__LAST_UPDATED_AT
) VALUES
	(1,'ja','','プロジェクトID','',(strftime('%s', 'now') * 1000)),
	(2,'ja','','プロジェクト名','',(strftime('%s', 'now') * 1000)),
	(3,'ja','','gradleサブプロジェクト名','',(strftime('%s', 'now') * 1000)),
	(4,'ja','','タイトル','',(strftime('%s', 'now') * 1000)),
	(5,'ja','','説明','',(strftime('%s', 'now') * 1000)),
	(6,'ja','','メモ','',(strftime('%s', 'now') * 1000)),
	(7,'ja','','著作権','',(strftime('%s', 'now') * 1000)),
	(8,'ja','','クラス一覧','',(strftime('%s', 'now') * 1000)),
	(9,'ja','','列挙一覧','',(strftime('%s', 'now') * 1000)),
	(10,'ja','','メッセージ一覧','',(strftime('%s', 'now') * 1000)),
	(11,'ja','','スタイル一覧','',(strftime('%s', 'now') * 1000)),
	(12,'ja','','','',(strftime('%s', 'now') * 1000)),
	(13,'ja','','','',(strftime('%s', 'now') * 1000)),
	(14,'ja','','ロケール一覧','',(strftime('%s', 'now') * 1000)),
	(15,'ja','','I18n一覧','',(strftime('%s', 'now') * 1000)),
	(16,'ja','','所属プロジェクト','',(strftime('%s', 'now') * 1000)),
	(17,'ja','','対象ロケール','',(strftime('%s', 'now') * 1000)),
	(18,'ja','','タイトル','',(strftime('%s', 'now') * 1000)),
	(19,'ja','','説明','',(strftime('%s', 'now') * 1000)),
	(20,'ja','','クラスID','',(strftime('%s', 'now') * 1000)),
	(21,'ja','','所属プロジェクト','',(strftime('%s', 'now') * 1000)),
	(22,'ja','','クラス名','',(strftime('%s', 'now') * 1000)),
	(23,'ja','','オーダー式','デフォルトの表示順を表す式',(strftime('%s', 'now') * 1000)),
	(24,'ja','','タイトル表示式','オブジェクトのタイトルを表現する式',(strftime('%s', 'now') * 1000)),
	(25,'ja','','タイトル','',(strftime('%s', 'now') * 1000)),
	(26,'ja','','説明','',(strftime('%s', 'now') * 1000)),
	(27,'ja','','メモ','',(strftime('%s', 'now') * 1000)),
	(28,'ja','','フィールド一覧','',(strftime('%s', 'now') * 1000)),
	(29,'ja','','クエリー一覧','',(strftime('%s', 'now') * 1000)),
	(30,'ja','','I18n一覧','',(strftime('%s', 'now') * 1000)),
	(31,'ja','','所属クラス','',(strftime('%s', 'now') * 1000)),
	(32,'ja','','対象ロケール','',(strftime('%s', 'now') * 1000)),
	(33,'ja','','タイトル','',(strftime('%s', 'now') * 1000)),
	(34,'ja','','説明','',(strftime('%s', 'now') * 1000)),
	(35,'ja','','フィールドID','',(strftime('%s', 'now') * 1000)),
	(36,'ja','','所属クラス','',(strftime('%s', 'now') * 1000)),
	(37,'ja','','フィールド名','',(strftime('%s', 'now') * 1000)),
	(38,'ja','','フィールド型','',(strftime('%s', 'now') * 1000)),
	(39,'ja','','フィールド型の幅','',(strftime('%s', 'now') * 1000)),
	(40,'ja','','フィールド型精度','',(strftime('%s', 'now') * 1000)),
	(41,'ja','','クラス参照先','',(strftime('%s', 'now') * 1000)),
	(42,'ja','','列挙参照先','',(strftime('%s', 'now') * 1000)),
	(43,'ja','','フィールド参照先','',(strftime('%s', 'now') * 1000)),
	(44,'ja','','プライマリキー','',(strftime('%s', 'now') * 1000)),
	(45,'ja','','NULL許容','',(strftime('%s', 'now') * 1000)),
	(46,'ja','','要合計値','数値型のみ使用',(strftime('%s', 'now') * 1000)),
	(47,'ja','','要平均値','数値型のみ使用',(strftime('%s', 'now') * 1000)),
	(48,'ja','','要最大値','数値型のみ使用',(strftime('%s', 'now') * 1000)),
	(49,'ja','','要最小値','数値型のみ使用',(strftime('%s', 'now') * 1000)),
	(50,'ja','','主保持SET','SET型のみ使用。このSETが保持要素の主たる保持先か否かを示す。',(strftime('%s', 'now') * 1000)),
	(51,'ja','','書式','画面用項目書式',(strftime('%s', 'now') * 1000)),
	(52,'ja','','タイトル','',(strftime('%s', 'now') * 1000)),
	(53,'ja','','説明','',(strftime('%s', 'now') * 1000)),
	(54,'ja','','メモ','',(strftime('%s', 'now') * 1000)),
	(55,'ja','','I18n一覧','',(strftime('%s', 'now') * 1000)),
	(56,'ja','','所属フィールド','',(strftime('%s', 'now') * 1000)),
	(57,'ja','','対象ロケール','',(strftime('%s', 'now') * 1000)),
	(58,'ja','','書式','',(strftime('%s', 'now') * 1000)),
	(59,'ja','','タイトル','',(strftime('%s', 'now') * 1000)),
	(60,'ja','','説明','',(strftime('%s', 'now') * 1000)),
	(61,'ja','','クエリーID','',(strftime('%s', 'now') * 1000)),
	(62,'ja','','所属クラス','',(strftime('%s', 'now') * 1000)),
	(63,'ja','','クエリー名','',(strftime('%s', 'now') * 1000)),
	(64,'ja','','抽出条件','抽出条件を式形式で記載する',(strftime('%s', 'now') * 1000)),
	(65,'ja','','ソート条件','ソート条件を式形式で記載する',(strftime('%s', 'now') * 1000)),
	(66,'ja','','タイトル','',(strftime('%s', 'now') * 1000)),
	(67,'ja','','説明','',(strftime('%s', 'now') * 1000)),
	(68,'ja','','メモ','',(strftime('%s', 'now') * 1000)),
	(69,'ja','','列挙ID','',(strftime('%s', 'now') * 1000)),
	(70,'ja','','所属プロジェクト','',(strftime('%s', 'now') * 1000)),
	(71,'ja','','列挙名','',(strftime('%s', 'now') * 1000)),
	(72,'ja','','文字列エンコード','文字列エンコードする場合、真',(strftime('%s', 'now') * 1000)),
	(73,'ja','','タイトル','',(strftime('%s', 'now') * 1000)),
	(74,'ja','','説明','',(strftime('%s', 'now') * 1000)),
	(75,'ja','','メモ','',(strftime('%s', 'now') * 1000)),
	(76,'ja','','列挙値一覧','',(strftime('%s', 'now') * 1000)),
	(77,'ja','','I18n一覧','',(strftime('%s', 'now') * 1000)),
	(78,'ja','','所属列挙','',(strftime('%s', 'now') * 1000)),
	(79,'ja','','対象ロケール','',(strftime('%s', 'now') * 1000)),
	(80,'ja','','タイトル','',(strftime('%s', 'now') * 1000)),
	(81,'ja','','説明','',(strftime('%s', 'now') * 1000)),
	(82,'ja','','所属列挙','',(strftime('%s', 'now') * 1000)),
	(83,'ja','','列挙名','',(strftime('%s', 'now') * 1000)),
	(84,'ja','','列挙コード','',(strftime('%s', 'now') * 1000)),
	(85,'ja','','タイトル','',(strftime('%s', 'now') * 1000)),
	(86,'ja','','説明','',(strftime('%s', 'now') * 1000)),
	(87,'ja','','メモ','',(strftime('%s', 'now') * 1000)),
	(88,'ja','','I18n一覧','',(strftime('%s', 'now') * 1000)),
	(89,'ja','','所属列挙値','',(strftime('%s', 'now') * 1000)),
	(90,'ja','','対象ロケール','',(strftime('%s', 'now') * 1000)),
	(91,'ja','','タイトル','',(strftime('%s', 'now') * 1000)),
	(92,'ja','','説明','',(strftime('%s', 'now') * 1000)),
	(93,'ja','','メッセージID','',(strftime('%s', 'now') * 1000)),
	(94,'ja','','所属プロジェクト','',(strftime('%s', 'now') * 1000)),
	(95,'ja','','メッセージ名','',(strftime('%s', 'now') * 1000)),
	(96,'ja','','メッセージ','',(strftime('%s', 'now') * 1000)),
	(97,'ja','','I18n一覧','',(strftime('%s', 'now') * 1000)),
	(98,'ja','','所属列挙値','',(strftime('%s', 'now') * 1000)),
	(99,'ja','','対象ロケール','',(strftime('%s', 'now') * 1000)),
	(100,'ja','','メッセージ','',(strftime('%s', 'now') * 1000)),
	(101,'ja','','スタイルID','',(strftime('%s', 'now') * 1000)),
	(102,'ja','','所属プロジェクト','',(strftime('%s', 'now') * 1000)),
	(103,'ja','','スタイル名','',(strftime('%s', 'now') * 1000)),
	(104,'ja','','派生スタイル','',(strftime('%s', 'now') * 1000)),
	(105,'ja','','基底スタイル','',(strftime('%s', 'now') * 1000)),
	(106,'ja','','適用条件','',(strftime('%s', 'now') * 1000)),
	(107,'ja','','適用条件パラメータ','',(strftime('%s', 'now') * 1000)),
	(108,'ja','','前景色','',(strftime('%s', 'now') * 1000)),
	(109,'ja','','背景色','',(strftime('%s', 'now') * 1000)),
	(110,'ja','','背景画像URL','',(strftime('%s', 'now') * 1000)),
	(111,'ja','','ボーダーサイズ(Length)（左）','',(strftime('%s', 'now') * 1000)),
	(112,'ja','','ボーダーサイズ(Length)（上）','',(strftime('%s', 'now') * 1000)),
	(113,'ja','','ボーダーサイズ(Length)（右）','',(strftime('%s', 'now') * 1000)),
	(114,'ja','','ボーダーサイズ(Length)（下）','',(strftime('%s', 'now') * 1000)),
	(115,'ja','','ボーダー色','',(strftime('%s', 'now') * 1000)),
	(116,'ja','','ボーダー画像URL','',(strftime('%s', 'now') * 1000)),
	(117,'ja','','フォントサイズ(Length)','',(strftime('%s', 'now') * 1000)),
	(118,'ja','','フォントの種類','',(strftime('%s', 'now') * 1000)),
	(119,'ja','','行の高さ(Length)','',(strftime('%s', 'now') * 1000)),
	(120,'ja','','行の揃え位置','',(strftime('%s', 'now') * 1000)),
	(121,'ja','','縦方向の揃え位置','',(strftime('%s', 'now') * 1000)),
	(122,'ja','','ウィジェットId','',(strftime('%s', 'now') * 1000)),
	(123,'ja','','所属プロジェクト','',(strftime('%s', 'now') * 1000)),
	(124,'ja','','ウィジェット名','完全修飾名またはプロジェクト相対修飾名',(strftime('%s', 'now') * 1000)),
	(125,'ja','','タイトル','',(strftime('%s', 'now') * 1000)),
	(126,'ja','','説明','',(strftime('%s', 'now') * 1000)),
	(127,'ja','','ページセットId','',(strftime('%s', 'now') * 1000)),
	(128,'ja','','所属プロジェクト','',(strftime('%s', 'now') * 1000)),
	(129,'ja','','ページセット名','',(strftime('%s', 'now') * 1000)),
	(130,'ja','','タイトル','',(strftime('%s', 'now') * 1000)),
	(131,'ja','','説明','',(strftime('%s', 'now') * 1000)),
	(132,'ja','','ページ一覧','',(strftime('%s', 'now') * 1000)),
	(133,'ja','','ページId','',(strftime('%s', 'now') * 1000)),
	(134,'ja','','所属ページセット','',(strftime('%s', 'now') * 1000)),
	(135,'ja','','コンテキストクラス','',(strftime('%s', 'now') * 1000)),
	(136,'ja','','ページ幅','',(strftime('%s', 'now') * 1000)),
	(137,'ja','','ページ高さ','',(strftime('%s', 'now') * 1000)),
	(138,'ja','','レイアウト一覧','',(strftime('%s', 'now') * 1000)),
	(139,'ja','','レイアウトId','',(strftime('%s', 'now') * 1000)),
	(140,'ja','','所属ページ','',(strftime('%s', 'now') * 1000)),
	(141,'ja','','子レイアウト','',(strftime('%s', 'now') * 1000)),
	(142,'ja','','親レイアウト','',(strftime('%s', 'now') * 1000)),
	(143,'ja','','レイアウト種別','',(strftime('%s', 'now') * 1000)),
	(144,'ja','','対象フィールド','',(strftime('%s', 'now') * 1000)),
	(145,'ja','','対象メッセージ','',(strftime('%s', 'now') * 1000)),
	(146,'ja','','使用Widget','未指定の場合はレイアウトタイプおよび指定フィールドの型別の既定Widgetが割り当てられる',(strftime('%s', 'now') * 1000)),
	(147,'ja','','レイアウトパラメータ','定義値はWidget毎に異なる',(strftime('%s', 'now') * 1000)),
	(148,'ja','','使用スタイル','',(strftime('%s', 'now') * 1000)),
	(149,'ja','','左位置','',(strftime('%s', 'now') * 1000)),
	(150,'ja','','上位置','',(strftime('%s', 'now') * 1000)),
	(151,'ja','','右位置','',(strftime('%s', 'now') * 1000)),
	(152,'ja','','下位置','',(strftime('%s', 'now') * 1000)),
	(153,'ja','','幅','',(strftime('%s', 'now') * 1000)),
	(154,'ja','','高さ','',(strftime('%s', 'now') * 1000)),
	(155,'ja','','ロケールID','',(strftime('%s', 'now') * 1000)),
	(156,'ja','','所属プロジェクト','',(strftime('%s', 'now') * 1000)),
	(157,'ja','','タイトル','',(strftime('%s', 'now') * 1000)),
	(158,'ja','','説明','',(strftime('%s', 'now') * 1000)),
	(159,'ja','','お試しId','お試しIdです',(strftime('%s', 'now') * 1000)),
	(160,'ja','','','',(strftime('%s', 'now') * 1000)),
	(161,'ja','','','',(strftime('%s', 'now') * 1000)),
	(162,'ja','','','',(strftime('%s', 'now') * 1000)),
	(163,'ja','','','',(strftime('%s', 'now') * 1000)),
	(164,'ja','','booleanValue','booleanValueです',(strftime('%s', 'now') * 1000)),
	(165,'ja','','','',(strftime('%s', 'now') * 1000)),
	(166,'ja','','shortValue','',(strftime('%s', 'now') * 1000)),
	(167,'ja','','intValue','intValueです',(strftime('%s', 'now') * 1000)),
	(168,'ja','','nullableValue','nullableValueです',(strftime('%s', 'now') * 1000)),
	(169,'ja','','longValue','longValueです',(strftime('%s', 'now') * 1000)),
	(170,'ja','','floatValue','floatValueです',(strftime('%s', 'now') * 1000)),
	(171,'ja','','doubleValue','',(strftime('%s', 'now') * 1000)),
	(172,'ja','','','numericValueです',(strftime('%s', 'now') * 1000)),
	(173,'ja','','dateValue','dateValueです',(strftime('%s', 'now') * 1000)),
	(174,'ja','','strValue','strValueです',(strftime('%s', 'now') * 1000)),
	(175,'ja','','namiheiId','namiheiIdです',(strftime('%s', 'now') * 1000)),
	(176,'ja','','name','nameです',(strftime('%s', 'now') * 1000)),
	(177,'ja','','','',(strftime('%s', 'now') * 1000)),
	(178,'ja','','','',(strftime('%s', 'now') * 1000)),
	(179,'ja','','name','nameです',(strftime('%s', 'now') * 1000)),
	(180,'ja','','','',(strftime('%s', 'now') * 1000)),
	(181,'ja','','','',(strftime('%s', 'now') * 1000)),
	(182,'ja','','name','nameです',(strftime('%s', 'now') * 1000)),
	(183,'ja','','','',(strftime('%s', 'now') * 1000)),
	(184,'ja','','','',(strftime('%s', 'now') * 1000)),
	(185,'ja','','name','nameです',(strftime('%s', 'now') * 1000)),
	(186,'ja','','','',(strftime('%s', 'now') * 1000)),
	(187,'ja','','','',(strftime('%s', 'now') * 1000)),
	(188,'ja','','name','nameです',(strftime('%s', 'now') * 1000))
ON CONFLICT DO NOTHING;
INSERT INTO T_QUERY (
	F_QUERY_ID,
	F_OWNER_CLASS_ID,
	F_QUERY_NAME,
	F_FILTER,
	F_ORDER,
	F_TITLE,
	F_DESCRIPTION,
	F_NOTE,
	F__LAST_UPDATED_AT
) VALUES
	(1,1,'nameIs','projectName == $name','','名前',NULL,NULL,(strftime('%s', 'now') * 1000)),
	(2,3,'nameIs','className == $name','','名前',NULL,NULL,(strftime('%s', 'now') * 1000)),
	(3,5,'nameIs','fieldName == $name','','名前',NULL,NULL,(strftime('%s', 'now') * 1000)),
	(4,8,'nameIs','enumName == $name','','名前',NULL,NULL,(strftime('%s', 'now') * 1000)),
	(5,20,'startsFoo','owner.strValue =% ''Foo%'' && owner.owner.strValue =% ''%Bar''','','条件：父がFooで始まり祖父がBarで終わる',NULL,NULL,(strftime('%s', 'now') * 1000)),
	(6,25,'containSazae','owner.name =% ''%サザエ%'' && owner.owner.name =~ ''^[0-9]*$''','','条件：父がサザエを含み祖父が数字',NULL,NULL,(strftime('%s', 'now') * 1000))
ON CONFLICT DO NOTHING;
INSERT INTO T_ENUM (
	F_ENUM_ID,
	F_OWNER_PROJECT_ID,
	F_ENUM_NAME,
	F_ENCODE_STRING,
	F_TITLE,
	F_DESCRIPTION,
	F_NOTE,
	F__LAST_UPDATED_AT
) VALUES
	(1,1,'DataType',1,'データ型',NULL,NULL,(strftime('%s', 'now') * 1000)),
	(2,1,'StyleCondition',1,'スタイル条件',NULL,NULL,(strftime('%s', 'now') * 1000)),
	(3,1,'LayoutType',1,'レイアウト種別',NULL,NULL,(strftime('%s', 'now') * 1000))
ON CONFLICT DO NOTHING;
INSERT INTO T_ENUM_I18N (
	F_OWNER_ENUM_ID,
	F_TARGET_LOCALE_ID,
	F_TITLE,
	F_DESCRIPTION,
	F__LAST_UPDATED_AT
) VALUES
	(1,'ja','データ型',NULL,(strftime('%s', 'now') * 1000)),
	(2,'ja','スタイル条件',NULL,(strftime('%s', 'now') * 1000)),
	(3,'ja','レイアウト種別',NULL,(strftime('%s', 'now') * 1000))
ON CONFLICT DO NOTHING;
INSERT INTO T_ENUM_VALUE (
	F_OWNER_ENUM_ID,
	F_VALUE_ID,
	F_CODE,
	F_TITLE,
	F_DESCRIPTION,
	F_NOTE,
	F__LAST_UPDATED_AT
) VALUES
	(2,'DEFAULT',1,'基本状態','','',(strftime('%s', 'now') * 1000)),
	(2,'ENABLE',2,'有効状態',NULL,NULL,(strftime('%s', 'now') * 1000)),
	(2,'DISABLE',3,'無効状態',NULL,NULL,(strftime('%s', 'now') * 1000)),
	(2,'FOCUS',4,'フォーカス状態',NULL,NULL,(strftime('%s', 'now') * 1000)),
	(2,'CLICKING',5,'クリック中',NULL,NULL,(strftime('%s', 'now') * 1000)),
	(2,'NAMED',6,'UIノード名限定',NULL,NULL,(strftime('%s', 'now') * 1000)),
	(1,'KEY',10,'（自動）キー',NULL,NULL,(strftime('%s', 'now') * 1000)),
	(3,'LAYOUT',10,'レイアウト要素','fieldRef, messageRefは使用しない','',(strftime('%s', 'now') * 1000)),
	(1,'REF',11,'クラス参照型',NULL,NULL,(strftime('%s', 'now') * 1000)),
	(1,'ENUM',12,'列挙参照型',NULL,NULL,(strftime('%s', 'now') * 1000)),
	(1,'SET',13,'集合（被参照）型',NULL,NULL,(strftime('%s', 'now') * 1000)),
	(1,'ENUM_VALUE',14,'列挙値型',NULL,'内部用。モデル定義での使用不可',(strftime('%s', 'now') * 1000)),
	(1,'BOOLEAN',20,'真偽値',NULL,NULL,(strftime('%s', 'now') * 1000)),
	(3,'MESSAGE_OUT',20,'メッセージ表示要素','messageRefを出力する',NULL,(strftime('%s', 'now') * 1000)),
	(1,'INTEGER',30,'整数',NULL,NULL,(strftime('%s', 'now') * 1000)),
	(1,'REAL',40,'浮動小数',NULL,NULL,(strftime('%s', 'now') * 1000)),
	(3,'LABEL_OUT',40,'(フィールド）ラベル表示要素','fieldRefのラベルを出力する',NULL,(strftime('%s', 'now') * 1000)),
	(1,'NUMERIC',50,'１０進小数',NULL,NULL,(strftime('%s', 'now') * 1000)),
	(3,'FIELD_OUT',50,'フィールド出力要素','fieldRefのデータを出力する',NULL,(strftime('%s', 'now') * 1000)),
	(3,'FIELD_IO',51,'フィールド入出力要素','fieldRefのデータを入出力する',NULL,(strftime('%s', 'now') * 1000)),
	(1,'DATE',60,'日付・時刻',NULL,NULL,(strftime('%s', 'now') * 1000)),
	(1,'STRING',70,'文字列',NULL,NULL,(strftime('%s', 'now') * 1000))
ON CONFLICT DO NOTHING;
INSERT INTO T_ENUM_VALUE_I18N (
	F_OWNER_OWNER_ENUM_ID,
	F_OWNER_VALUE_ID,
	F_TARGET_LOCALE_ID,
	F_TITLE,
	F_DESCRIPTION,
	F__LAST_UPDATED_AT
) VALUES
	(2,'DEFAULT','ja','基本状態','',(strftime('%s', 'now') * 1000)),
	(2,'ENABLE','ja','有効状態',NULL,(strftime('%s', 'now') * 1000)),
	(2,'DISABLE','ja','無効状態',NULL,(strftime('%s', 'now') * 1000)),
	(2,'FOCUS','ja','フォーカス状態',NULL,(strftime('%s', 'now') * 1000)),
	(2,'CLICKING','ja','クリック中',NULL,(strftime('%s', 'now') * 1000)),
	(2,'NAMED','ja','UIノード名限定',NULL,(strftime('%s', 'now') * 1000)),
	(1,'KEY','ja','（自動）キー',NULL,(strftime('%s', 'now') * 1000)),
	(3,'LAYOUT','ja','レイアウト要素','',(strftime('%s', 'now') * 1000)),
	(1,'REF','ja','クラス参照型',NULL,(strftime('%s', 'now') * 1000)),
	(1,'ENUM','ja','列挙参照型',NULL,(strftime('%s', 'now') * 1000)),
	(1,'SET','ja','集合（被参照）型',NULL,(strftime('%s', 'now') * 1000)),
	(1,'ENUM_VALUE','ja','列挙値型',NULL,(strftime('%s', 'now') * 1000)),
	(1,'BOOLEAN','ja','真偽値',NULL,(strftime('%s', 'now') * 1000)),
	(3,'MESSAGE_OUT','ja','メッセージ表示要素',NULL,(strftime('%s', 'now') * 1000)),
	(1,'INTEGER','ja','整数',NULL,(strftime('%s', 'now') * 1000)),
	(1,'REAL','ja','浮動小数',NULL,(strftime('%s', 'now') * 1000)),
	(3,'LABEL_OUT','ja','(フィールド）ラベル表示要素',NULL,(strftime('%s', 'now') * 1000)),
	(1,'NUMERIC','ja','１０進小数',NULL,(strftime('%s', 'now') * 1000)),
	(3,'FIELD_OUT','ja','フィールド出力要素',NULL,(strftime('%s', 'now') * 1000)),
	(3,'FIELD_IO','ja','フィールド入出力要素',NULL,(strftime('%s', 'now') * 1000)),
	(1,'DATE','ja','日付・時刻',NULL,(strftime('%s', 'now') * 1000)),
	(1,'STRING','ja','文字列',NULL,(strftime('%s', 'now') * 1000))
ON CONFLICT DO NOTHING;
INSERT INTO T_MESSAGE (
	F_MESSAGE_ID,
	F_OWNER_PROJECT_ID,
	F_MESSAGE_NAME,
	F_MESSAGE,
	F__LAST_UPDATED_AT
) VALUES
	(1,1,'hello','こんにちは',(strftime('%s', 'now') * 1000)),
	(2,1,'bye','さようなら',(strftime('%s', 'now') * 1000))
ON CONFLICT DO NOTHING;
INSERT INTO T_MESSAGE_I18N (
	F_OWNER_MESSAGE_ID,
	F_TARGET_LOCALE_ID,
	F_MESSAGE,
	F__LAST_UPDATED_AT
) VALUES
	(1,'ja','こんにちは',(strftime('%s', 'now') * 1000)),
	(1,'en','hello',(strftime('%s', 'now') * 1000)),
	(2,'ja','さようなら',(strftime('%s', 'now') * 1000)),
	(2,'en','good bye',(strftime('%s', 'now') * 1000))
ON CONFLICT DO NOTHING;
INSERT INTO T_STYLE (
	F_STYLE_ID,
	F_OWNER_PROJECT_ID,
	F_STYLE_NAME,
	F_PARENT_STYLE_ID,
	F_COND,
	F_COND_PARAM,
	F_TEXT_COLOR,
	F_BACKGROUND_COLOR,
	F_BACKGROUND_IMAGE,
	F_BORDER_LEFT,
	F_BORDER_TOP,
	F_BORDER_RIGHT,
	F_BORDER_BOTTOM,
	F_BORDER_COLOR,
	F_BORDER_IMAGE,
	F_FONT_SIZE,
	F_FONT_FAMILY,
	F_LINE_HEIGHT,
	F_TEXT_ALIGN,
	F_VERTICAL_ALIGN,
	F__LAST_UPDATED_AT
) VALUES
	(1,1,'field',0,'DEFAULT','','black','transparent','','4px','4px','4px','4px','black','image/rrect-bw.png','12pt','','','left','middle',(strftime('%s', 'now') * 1000)),
	(4,1,'fieldClicking',1,'CLICKING',NULL,NULL,NULL,NULL,NULL,NULL,NULL,NULL,NULL,'image/rrect-yp.png',NULL,NULL,NULL,NULL,NULL,(strftime('%s', 'now') * 1000)),
	(2,1,'fieldDisable',1,'DISABLE',NULL,NULL,NULL,NULL,NULL,NULL,NULL,NULL,NULL,'image/rrect-bs.png',NULL,NULL,NULL,NULL,NULL,(strftime('%s', 'now') * 1000)),
	(3,1,'fieldFocus',1,'FOCUS',NULL,NULL,NULL,NULL,NULL,NULL,NULL,NULL,NULL,'image/rrect-yw.png',NULL,NULL,NULL,NULL,NULL,(strftime('%s', 'now') * 1000)),
	(5,1,'group',NULL,'DEFAULT','',NULL,'#CC808080',NULL,'0px','0px','0px','0px',NULL,NULL,NULL,NULL,NULL,'','',(strftime('%s', 'now') * 1000)),
	(6,1,'groupSplitter',5,'NAMED','splitter',NULL,'silver',NULL,'1px','1px','1px','1px','pink',NULL,NULL,NULL,NULL,'','',(strftime('%s', 'now') * 1000)),
	(7,1,'sb',NULL,'DEFAULT',NULL,NULL,'gray',NULL,'2px','2px','2px','2px','pink',NULL,NULL,NULL,NULL,NULL,NULL,(strftime('%s', 'now') * 1000)),
	(9,1,'sbFocus',8,'FOCUS',NULL,NULL,'orange',NULL,NULL,NULL,NULL,NULL,NULL,NULL,NULL,NULL,NULL,NULL,NULL,(strftime('%s', 'now') * 1000)),
	(8,1,'sbInner',7,'NAMED','thumb',NULL,'white',NULL,'0px','0px','0px','0px',NULL,NULL,NULL,NULL,NULL,NULL,NULL,(strftime('%s', 'now') * 1000)),
	(10,1,'transparent',NULL,'DEFAULT',NULL,'transparent','transparent',NULL,'0px','0px','0px','0px',NULL,NULL,NULL,NULL,NULL,NULL,NULL,(strftime('%s', 'now') * 1000))
ON CONFLICT DO NOTHING;
INSERT INTO T_LOCALE (
	F_LOCALE_ID,
	F_OWNER_PROJECT_ID,
	F_TITLE,
	F_DESCRIPTION,
	F__LAST_UPDATED_AT
) VALUES
	('en_US',1,'engish(united status of ameria)','',(strftime('%s', 'now') * 1000)),
	('en',1,'english','',(strftime('%s', 'now') * 1000)),
	('ja',1,'japanease','',(strftime('%s', 'now') * 1000)),
	('ja_JP',1,'japanease(japan)','',(strftime('%s', 'now') * 1000))
ON CONFLICT DO NOTHING;
PRAGMA foreign_keys = true;
