PRAGMA foreign_keys = false;
INSERT INTO T_PROJECT (
	F_PROJECT_ID,
	F_PROJECT_NAME,
	F_GRADLE_NAME,
	F_TITLE,
	F_DESCRIPTION,
	F_NOTE,
	F_COPYRIGHTS,
	F__LAST_UPDATED_AT
) VALUES
	(1,'com.github.vvorks.builder','main','ビルダープロジェクト','自己記述プロジェクト','','Apache License v2.0',(strftime('%s', 'now') * 1000)),
	(2,'test','test','テストプロジェクト','記述テスト用プロジェクト','','Apache License v2.0',(strftime('%s', 'now') * 1000))
ON CONFLICT DO NOTHING;
INSERT INTO T_PROJECT_I18N (
	F_OWNER_PROJECT_ID,
	F_TARGET_LOCALE_ID,
	F_TITLE,
	F_DESCRIPTION,
	F__LAST_UPDATED_AT
) VALUES
	(1,'en','builder project','self description project',(strftime('%s', 'now') * 1000)),
	(1,'ja','ビルダープロジェクト','自己記述プロジェクト',(strftime('%s', 'now') * 1000))
ON CONFLICT DO NOTHING;
INSERT INTO T_CLASS (
	F_CLASS_ID,
	F_OWNER_PROJECT_ID,
	F_CLASS_NAME,
	F_ORDER_EXPR,
	F_TITLE_EXPR,
	F_TITLE,
	F_DESCRIPTION,
	F_NOTE,
	F__LAST_UPDATED_AT
) VALUES
	(1,1,'Project','projectId','projectName+''(''+title+'')''','プロジェクト',NULL,NULL,(strftime('%s', 'now') * 1000)),
	(2,1,'ProjectI18n','owner.projectId, target.localeId','owner.projectName+''(''+owner.title+''/I18n)''','プロジェクト(I18n)',NULL,NULL,(strftime('%s', 'now') * 1000)),
	(3,1,'Class','classId','className+''(''+title+'')''','クラス',NULL,NULL,(strftime('%s', 'now') * 1000)),
	(4,1,'ClassI18n','owner.classId','owner.className+''(''+owner.title+'')''','クラス(I18n)',NULL,NULL,(strftime('%s', 'now') * 1000)),
	(5,1,'Field','fieldId','owner.className+''/''+fieldName','フィールド',NULL,NULL,(strftime('%s', 'now') * 1000)),
	(6,1,'FieldI18n','owner.fieldId','owner.owner.className+''/''+owner.fieldName','フィールド(I18n)',NULL,NULL,(strftime('%s', 'now') * 1000)),
	(7,1,'Query','queryId','title','クエリー',NULL,NULL,(strftime('%s', 'now') * 1000)),
	(8,1,'Enum','enumId','enumName+''(''+title+'')''','列挙',NULL,NULL,(strftime('%s', 'now') * 1000)),
	(9,1,'EnumI18n','owner.enumId','owner.enumName+''(''+owner.title+'')''','列挙(I18n)',NULL,NULL,(strftime('%s', 'now') * 1000)),
	(10,1,'EnumValue','code','valueId','列挙値',NULL,NULL,(strftime('%s', 'now') * 1000)),
	(11,1,'EnumValueI18n','owner.code','owner.valueId','列挙値(I18n)',NULL,NULL,(strftime('%s', 'now') * 1000)),
	(12,1,'Message','messageId','messageName','メッセージ',NULL,NULL,(strftime('%s', 'now') * 1000)),
	(13,1,'MessageI18n','owner.messageId','owner.messageName','メッセージ(I18n)',NULL,NULL,(strftime('%s', 'now') * 1000)),
	(14,1,'Style','name','name','スタイル',NULL,NULL,(strftime('%s', 'now') * 1000)),
	(15,1,'Locale','title','title','ロケール','ロケールマスタ','必要な分だけ登録',(strftime('%s', 'now') * 1000)),
	(16,2,'Otamesshi','otameshiId','otameshiId','お試しクラス','お試しクラスです。','お試しが終わったら消す事',(strftime('%s', 'now') * 1000)),
	(17,2,'Namihei','namiheiId','name','波平',NULL,NULL,(strftime('%s', 'now') * 1000)),
	(18,2,'Sazae','sazaeId','name','サザエ',NULL,NULL,(strftime('%s', 'now') * 1000)),
	(19,2,'Katsuo','katsuoId','name','カツオ',NULL,NULL,(strftime('%s', 'now') * 1000)),
	(20,2,'Wakame','wakameId','name','ワカメ',NULL,NULL,(strftime('%s', 'now') * 1000)),
	(21,2,'Tara','taraId','name','タラ',NULL,NULL,(strftime('%s', 'now') * 1000))
ON CONFLICT DO NOTHING;
INSERT INTO T_CLASS_I18N (
	F_OWNER_CLASS_ID,
	F_TARGET_LOCALE_ID,
	F_TITLE,
	F_DESCRIPTION,
	F__LAST_UPDATED_AT
) VALUES
	(1,'ja','プロジェクト',NULL,(strftime('%s', 'now') * 1000)),
	(1,'en','Project',NULL,(strftime('%s', 'now') * 1000)),
	(2,'ja','プロジェクト(I18n)',NULL,(strftime('%s', 'now') * 1000)),
	(2,'en','ProjectI18n',NULL,(strftime('%s', 'now') * 1000)),
	(3,'ja','クラス',NULL,(strftime('%s', 'now') * 1000)),
	(3,'en','Class',NULL,(strftime('%s', 'now') * 1000)),
	(4,'ja','クラス(I18n)',NULL,(strftime('%s', 'now') * 1000)),
	(4,'en','ClassI18n',NULL,(strftime('%s', 'now') * 1000)),
	(5,'ja','フィールド',NULL,(strftime('%s', 'now') * 1000)),
	(5,'en','Field',NULL,(strftime('%s', 'now') * 1000)),
	(6,'ja','フィールド(I18n)',NULL,(strftime('%s', 'now') * 1000)),
	(6,'en','FieldI18n',NULL,(strftime('%s', 'now') * 1000)),
	(7,'ja','クエリー',NULL,(strftime('%s', 'now') * 1000)),
	(7,'en','Query',NULL,(strftime('%s', 'now') * 1000)),
	(8,'ja','列挙',NULL,(strftime('%s', 'now') * 1000)),
	(8,'en','Enum',NULL,(strftime('%s', 'now') * 1000)),
	(9,'ja','列挙(I18n)',NULL,(strftime('%s', 'now') * 1000)),
	(9,'en','EnumI18n',NULL,(strftime('%s', 'now') * 1000)),
	(10,'ja','列挙値',NULL,(strftime('%s', 'now') * 1000)),
	(10,'en','EnumValue',NULL,(strftime('%s', 'now') * 1000)),
	(11,'ja','列挙値(I18n)',NULL,(strftime('%s', 'now') * 1000)),
	(11,'en','EnumValueI18n',NULL,(strftime('%s', 'now') * 1000)),
	(12,'ja','メッセージ',NULL,(strftime('%s', 'now') * 1000)),
	(12,'en','Message',NULL,(strftime('%s', 'now') * 1000)),
	(13,'ja','メッセージ(I18n)',NULL,(strftime('%s', 'now') * 1000)),
	(13,'en','MessageI18n',NULL,(strftime('%s', 'now') * 1000)),
	(14,'ja','スタイル',NULL,(strftime('%s', 'now') * 1000)),
	(14,'en','Style',NULL,(strftime('%s', 'now') * 1000)),
	(15,'ja','ロケール','ロケールマスタ',(strftime('%s', 'now') * 1000)),
	(15,'en','Locale',NULL,(strftime('%s', 'now') * 1000)),
	(16,'ja','お試しクラス',NULL,(strftime('%s', 'now') * 1000)),
	(16,'en','Otamesshi',NULL,(strftime('%s', 'now') * 1000)),
	(17,'ja','波平',NULL,(strftime('%s', 'now') * 1000)),
	(17,'en','Namihei',NULL,(strftime('%s', 'now') * 1000)),
	(18,'ja','サザエ',NULL,(strftime('%s', 'now') * 1000)),
	(18,'en','Sazae',NULL,(strftime('%s', 'now') * 1000)),
	(19,'ja','カツオ',NULL,(strftime('%s', 'now') * 1000)),
	(19,'en','Katsuo',NULL,(strftime('%s', 'now') * 1000)),
	(20,'ja','ワカメ',NULL,(strftime('%s', 'now') * 1000)),
	(20,'en','Wakame',NULL,(strftime('%s', 'now') * 1000)),
	(21,'ja','タラ',NULL,(strftime('%s', 'now') * 1000)),
	(21,'en','Tara',NULL,(strftime('%s', 'now') * 1000))
ON CONFLICT DO NOTHING;
INSERT INTO T_FIELD (
	F_FIELD_ID,
	F_OWNER_CLASS_ID,
	F_FIELD_NAME,
	F_TYPE,
	F_WIDTH,
	F_SCALE,
	F_CREF_CLASS_ID,
	F_EREF_ENUM_ID,
	F_FREF_FIELD_ID,
	F_PK,
	F_NULLABLE,
	F_NEEDS_SUM,
	F_NEEDS_AVG,
	F_NEEDS_MAX,
	F_NEEDS_MIN,
	F_FORMAT,
	F_TITLE,
	F_DESCRIPTION,
	F_NOTE,
	F__LAST_UPDATED_AT
) VALUES
	(1,1,'projectId','KEY',0,0,0,0,0,1,0,0,0,0,0,'','プロジェクトID','','（代理キー）',(strftime('%s', 'now') * 1000)),
	(2,1,'projectName','STRING',0,0,0,0,0,0,0,0,0,0,0,'','プロジェクト名','','ベースパッケージ名を兼ねる',(strftime('%s', 'now') * 1000)),
	(3,1,'gradleName','STRING',0,0,0,0,0,0,0,0,0,0,0,'','gradleサブプロジェクト名','','',(strftime('%s', 'now') * 1000)),
	(4,1,'title','STRING',0,0,0,0,0,0,0,0,0,0,0,'','タイトル',NULL,NULL,(strftime('%s', 'now') * 1000)),
	(5,1,'description','STRING',0,0,0,0,0,0,1,0,0,0,0,'','説明',NULL,NULL,(strftime('%s', 'now') * 1000)),
	(6,1,'note','STRING',0,0,0,0,0,0,1,0,0,0,0,'','メモ',NULL,NULL,(strftime('%s', 'now') * 1000)),
	(7,1,'copyrights','STRING',0,0,0,0,0,0,1,0,0,0,0,'','著作権',NULL,NULL,(strftime('%s', 'now') * 1000)),
	(8,1,'classes','SET',0,0,0,0,19,0,0,0,0,0,0,'','クラス一覧',NULL,NULL,(strftime('%s', 'now') * 1000)),
	(9,1,'enums','SET',0,0,0,0,67,0,0,0,0,0,0,'','列挙一覧',NULL,NULL,(strftime('%s', 'now') * 1000)),
	(10,1,'messages','SET',0,0,0,0,91,0,0,0,0,0,0,'','メッセージ一覧',NULL,NULL,(strftime('%s', 'now') * 1000)),
	(11,1,'styles','SET',0,0,0,0,99,0,0,0,0,0,0,'','スタイル一覧',NULL,NULL,(strftime('%s', 'now') * 1000)),
	(12,1,'locales','SET',0,0,0,0,120,0,0,0,0,0,0,'','ロケール一覧',NULL,NULL,(strftime('%s', 'now') * 1000)),
	(13,1,'i18ns','SET',0,0,0,0,14,0,0,0,0,0,0,'','I18n一覧',NULL,NULL,(strftime('%s', 'now') * 1000)),
	(14,2,'owner','REF',0,0,1,0,0,1,0,0,0,0,0,'','所属プロジェクト','','',(strftime('%s', 'now') * 1000)),
	(15,2,'target','REF',0,0,15,0,0,1,0,0,0,0,0,'','対象ロケール',NULL,NULL,(strftime('%s', 'now') * 1000)),
	(16,2,'title','STRING',0,0,0,0,0,0,1,0,0,0,0,'','タイトル',NULL,NULL,(strftime('%s', 'now') * 1000)),
	(17,2,'description','STRING',0,0,0,0,0,0,1,0,0,0,0,'','説明',NULL,NULL,(strftime('%s', 'now') * 1000)),
	(18,3,'classId','KEY',0,0,0,0,0,1,0,0,0,0,0,'','クラスID','','（代理キー）',(strftime('%s', 'now') * 1000)),
	(19,3,'owner','REF',0,0,1,0,0,0,0,0,0,0,0,'','所属プロジェクト','','',(strftime('%s', 'now') * 1000)),
	(20,3,'className','STRING',0,0,0,0,0,0,0,0,0,0,0,'','クラス名','','',(strftime('%s', 'now') * 1000)),
	(21,3,'orderExpr','STRING',0,0,0,0,0,0,0,0,0,0,0,'','オーダー式','デフォルトの表示順を表す式',NULL,(strftime('%s', 'now') * 1000)),
	(22,3,'titleExpr','STRING',0,0,0,0,0,0,0,0,0,0,0,'','タイトル表示式','オブジェクトのタイトルを表現する式',NULL,(strftime('%s', 'now') * 1000)),
	(23,3,'title','STRING',0,0,0,0,0,0,0,0,0,0,0,'','タイトル',NULL,NULL,(strftime('%s', 'now') * 1000)),
	(24,3,'description','STRING',0,0,0,0,0,0,1,0,0,0,0,'','説明',NULL,NULL,(strftime('%s', 'now') * 1000)),
	(25,3,'note','STRING',0,0,0,0,0,0,1,0,0,0,0,'','メモ',NULL,NULL,(strftime('%s', 'now') * 1000)),
	(26,3,'fields','SET',0,0,0,0,34,0,0,0,0,0,0,'','フィールド一覧',NULL,NULL,(strftime('%s', 'now') * 1000)),
	(27,3,'queries','SET',0,0,0,0,59,0,0,0,0,0,0,'','クエリー一覧',NULL,NULL,(strftime('%s', 'now') * 1000)),
	(28,3,'i18ns','SET',0,0,0,0,29,0,0,0,0,0,0,'','I18n一覧',NULL,NULL,(strftime('%s', 'now') * 1000)),
	(29,4,'owner','REF',0,0,3,0,0,1,0,0,0,0,0,'','所属クラス','','',(strftime('%s', 'now') * 1000)),
	(30,4,'target','REF',0,0,15,0,0,1,0,0,0,0,0,'','対象ロケール',NULL,NULL,(strftime('%s', 'now') * 1000)),
	(31,4,'title','STRING',0,0,0,0,0,0,1,0,0,0,0,'','タイトル',NULL,NULL,(strftime('%s', 'now') * 1000)),
	(32,4,'description','STRING',0,0,0,0,0,0,1,0,0,0,0,'','説明',NULL,NULL,(strftime('%s', 'now') * 1000)),
	(33,5,'fieldId','KEY',0,0,0,0,0,1,0,0,0,0,0,'','フィールドID','','（代理キー）',(strftime('%s', 'now') * 1000)),
	(34,5,'owner','REF',0,0,3,0,0,0,0,0,0,0,0,'','所属クラス','','',(strftime('%s', 'now') * 1000)),
	(35,5,'fieldName','STRING',0,0,0,0,0,0,0,0,0,0,0,'','フィールド名',NULL,NULL,(strftime('%s', 'now') * 1000)),
	(36,5,'type','ENUM',0,0,0,1,0,0,0,0,0,0,0,'','フィールド型',NULL,NULL,(strftime('%s', 'now') * 1000)),
	(37,5,'width','INTEGER',32,0,0,0,0,0,0,0,0,0,0,'','フィールド型の幅',NULL,NULL,(strftime('%s', 'now') * 1000)),
	(38,5,'scale','INTEGER',32,0,0,0,0,0,0,0,0,0,0,'','フィールド型精度',NULL,NULL,(strftime('%s', 'now') * 1000)),
	(39,5,'cref','REF',0,0,3,0,0,0,0,0,0,0,0,'','クラス参照先',NULL,NULL,(strftime('%s', 'now') * 1000)),
	(40,5,'eref','REF',0,0,8,0,0,0,0,0,0,0,0,'','列挙参照先',NULL,NULL,(strftime('%s', 'now') * 1000)),
	(41,5,'fref','REF',0,0,5,0,0,0,0,0,0,0,0,'','フィールド参照先',NULL,NULL,(strftime('%s', 'now') * 1000)),
	(42,5,'pk','BOOLEAN',0,0,0,0,0,0,0,0,0,0,0,'','プライマリキー',NULL,NULL,(strftime('%s', 'now') * 1000)),
	(43,5,'nullable','BOOLEAN',0,0,0,0,0,0,0,0,0,0,0,'','NULL許容',NULL,NULL,(strftime('%s', 'now') * 1000)),
	(44,5,'needsSum','BOOLEAN',0,0,0,0,0,0,0,0,0,0,0,'','要合計値',NULL,NULL,(strftime('%s', 'now') * 1000)),
	(45,5,'needsAvg','BOOLEAN',0,0,0,0,0,0,0,0,0,0,0,'','要平均値',NULL,NULL,(strftime('%s', 'now') * 1000)),
	(46,5,'needsMax','BOOLEAN',0,0,0,0,0,0,0,0,0,0,0,'','要最大値',NULL,NULL,(strftime('%s', 'now') * 1000)),
	(47,5,'needsMin','BOOLEAN',0,0,0,0,0,0,0,0,0,0,0,'','要最小値',NULL,NULL,(strftime('%s', 'now') * 1000)),
	(48,5,'format','STRING',0,0,0,0,0,0,0,0,0,0,0,'','書式','画面用項目書式',NULL,(strftime('%s', 'now') * 1000)),
	(49,5,'title','STRING',0,0,0,0,0,0,0,0,0,0,0,'','タイトル',NULL,NULL,(strftime('%s', 'now') * 1000)),
	(50,5,'description','STRING',0,0,0,0,0,0,1,0,0,0,0,'','説明',NULL,NULL,(strftime('%s', 'now') * 1000)),
	(51,5,'note','STRING',0,0,0,0,0,0,1,0,0,0,0,'','メモ',NULL,NULL,(strftime('%s', 'now') * 1000)),
	(52,5,'i18ns','SET',0,0,0,0,53,0,0,0,0,0,0,'','I18n一覧',NULL,NULL,(strftime('%s', 'now') * 1000)),
	(53,6,'owner','REF',0,0,5,0,0,1,0,0,0,0,0,'','所属フィールド','','',(strftime('%s', 'now') * 1000)),
	(54,6,'target','REF',0,0,15,0,0,1,0,0,0,0,0,'','対象ロケール',NULL,NULL,(strftime('%s', 'now') * 1000)),
	(55,6,'format','STRING',0,0,0,0,0,0,1,0,0,0,0,'','書式',NULL,NULL,(strftime('%s', 'now') * 1000)),
	(56,6,'title','STRING',0,0,0,0,0,0,1,0,0,0,0,'','タイトル',NULL,NULL,(strftime('%s', 'now') * 1000)),
	(57,6,'description','STRING',0,0,0,0,0,0,1,0,0,0,0,'','説明',NULL,NULL,(strftime('%s', 'now') * 1000)),
	(58,7,'queryId','KEY',0,0,0,0,0,1,0,0,0,0,0,'','クエリーID','','（代理キー）',(strftime('%s', 'now') * 1000)),
	(59,7,'owner','REF',0,0,3,0,0,0,0,0,0,0,0,'','所属クラス','','',(strftime('%s', 'now') * 1000)),
	(60,7,'queryName','STRING',0,0,0,0,0,0,0,0,0,0,0,'','クエリー名',NULL,NULL,(strftime('%s', 'now') * 1000)),
	(61,7,'filter','STRING',0,0,0,0,0,0,0,0,0,0,0,'','抽出条件','抽出条件を式形式で記載する',NULL,(strftime('%s', 'now') * 1000)),
	(62,7,'order','STRING',0,0,0,0,0,0,0,0,0,0,0,'','ソート条件','ソート条件を式形式で記載する',NULL,(strftime('%s', 'now') * 1000)),
	(63,7,'title','STRING',0,0,0,0,0,0,0,0,0,0,0,'','タイトル',NULL,NULL,(strftime('%s', 'now') * 1000)),
	(64,7,'description','STRING',0,0,0,0,0,0,1,0,0,0,0,'','説明',NULL,NULL,(strftime('%s', 'now') * 1000)),
	(65,7,'note','STRING',0,0,0,0,0,0,1,0,0,0,0,'','メモ',NULL,NULL,(strftime('%s', 'now') * 1000)),
	(66,8,'enumId','KEY',0,0,0,0,0,1,0,0,0,0,0,'','列挙ID','','（代理キー）',(strftime('%s', 'now') * 1000)),
	(67,8,'owner','REF',0,0,1,0,0,0,0,0,0,0,0,'','所属プロジェクト','','',(strftime('%s', 'now') * 1000)),
	(68,8,'enumName','STRING',0,0,0,0,0,0,0,0,0,0,0,'','列挙名',NULL,NULL,(strftime('%s', 'now') * 1000)),
	(69,8,'encodeString','BOOLEAN',0,0,0,0,0,0,0,0,0,0,0,'','文字列エンコード','文字列エンコードする場合、真',NULL,(strftime('%s', 'now') * 1000)),
	(70,8,'title','STRING',0,0,0,0,0,0,0,0,0,0,0,'','タイトル',NULL,NULL,(strftime('%s', 'now') * 1000)),
	(71,8,'description','STRING',0,0,0,0,0,0,1,0,0,0,0,'','説明',NULL,NULL,(strftime('%s', 'now') * 1000)),
	(72,8,'note','STRING',0,0,0,0,0,0,1,0,0,0,0,'','メモ',NULL,NULL,(strftime('%s', 'now') * 1000)),
	(73,8,'values','SET',0,0,0,0,79,0,0,0,0,0,0,'','列挙値一覧','','',(strftime('%s', 'now') * 1000)),
	(74,8,'i18ns','SET',0,0,0,0,75,0,0,0,0,0,0,'','I18n一覧',NULL,NULL,(strftime('%s', 'now') * 1000)),
	(75,9,'owner','REF',0,0,8,0,0,1,0,0,0,0,0,'','所属列挙','','',(strftime('%s', 'now') * 1000)),
	(76,9,'target','REF',0,0,15,0,0,1,0,0,0,0,0,'','対象ロケール',NULL,NULL,(strftime('%s', 'now') * 1000)),
	(77,9,'title','STRING',0,0,0,0,0,0,1,0,0,0,0,'','タイトル',NULL,NULL,(strftime('%s', 'now') * 1000)),
	(78,9,'description','STRING',0,0,0,0,0,0,1,0,0,0,0,'','説明',NULL,NULL,(strftime('%s', 'now') * 1000)),
	(79,10,'owner','REF',0,0,8,0,0,1,0,0,0,0,0,'','所属列挙','','',(strftime('%s', 'now') * 1000)),
	(80,10,'valueId','STRING',0,0,0,0,0,1,0,0,0,0,0,'','列挙名','','',(strftime('%s', 'now') * 1000)),
	(81,10,'code','INTEGER',32,0,0,0,0,0,0,0,0,0,0,'','列挙コード',NULL,NULL,(strftime('%s', 'now') * 1000)),
	(82,10,'title','STRING',0,0,0,0,0,0,0,0,0,0,0,'','タイトル',NULL,NULL,(strftime('%s', 'now') * 1000)),
	(83,10,'description','STRING',0,0,0,0,0,0,1,0,0,0,0,'','説明',NULL,NULL,(strftime('%s', 'now') * 1000)),
	(84,10,'note','STRING',0,0,0,0,0,0,1,0,0,0,0,'','メモ',NULL,NULL,(strftime('%s', 'now') * 1000)),
	(85,10,'i18ns','SET',0,0,0,0,86,0,0,0,0,0,0,'','I18n一覧',NULL,NULL,(strftime('%s', 'now') * 1000)),
	(86,11,'owner','REF',0,0,10,0,0,1,0,0,0,0,0,'','所属列挙値','','',(strftime('%s', 'now') * 1000)),
	(87,11,'target','REF',0,0,15,0,0,1,0,0,0,0,0,'','対象ロケール',NULL,NULL,(strftime('%s', 'now') * 1000)),
	(88,11,'title','STRING',0,0,0,0,0,0,1,0,0,0,0,'','タイトル',NULL,NULL,(strftime('%s', 'now') * 1000)),
	(89,11,'description','STRING',0,0,0,0,0,0,1,0,0,0,0,'','説明',NULL,NULL,(strftime('%s', 'now') * 1000)),
	(90,12,'messageId','KEY',0,0,0,0,0,1,0,0,0,0,0,'','メッセージID','','',(strftime('%s', 'now') * 1000)),
	(91,12,'owner','REF',0,0,1,0,0,0,0,0,0,0,0,'','所属プロジェクト','','',(strftime('%s', 'now') * 1000)),
	(92,12,'messageName','STRING',0,0,0,0,0,0,0,0,0,0,0,'','メッセージ名','','',(strftime('%s', 'now') * 1000)),
	(93,12,'message','STRING',0,0,0,0,0,0,0,0,0,0,0,'','メッセージ',NULL,NULL,(strftime('%s', 'now') * 1000)),
	(94,12,'i18ns','SET',0,0,0,0,95,0,0,0,0,0,0,'','I18n一覧',NULL,NULL,(strftime('%s', 'now') * 1000)),
	(95,13,'owner','REF',0,0,12,0,0,1,0,0,0,0,0,'','所属列挙値','','',(strftime('%s', 'now') * 1000)),
	(96,13,'target','REF',0,0,15,0,0,1,0,0,0,0,0,'','対象ロケール',NULL,NULL,(strftime('%s', 'now') * 1000)),
	(97,13,'message','STRING',0,0,0,0,0,0,1,0,0,0,0,'','メッセージ',NULL,NULL,(strftime('%s', 'now') * 1000)),
	(98,14,'styleId','KEY',0,0,0,0,0,1,0,0,0,0,0,'','スタイルID','','',(strftime('%s', 'now') * 1000)),
	(99,14,'owner','REF',0,0,1,0,0,0,0,0,0,0,0,'','所属プロジェクト',NULL,NULL,(strftime('%s', 'now') * 1000)),
	(100,14,'name','STRING',0,0,0,0,0,0,0,0,0,0,0,'','スタイル名',NULL,NULL,(strftime('%s', 'now') * 1000)),
	(101,14,'children','SET',0,0,0,0,102,0,0,0,0,0,0,'','派生スタイル',NULL,NULL,(strftime('%s', 'now') * 1000)),
	(102,14,'parent','REF',0,0,14,0,0,0,1,0,0,0,0,'','基底スタイル',NULL,NULL,(strftime('%s', 'now') * 1000)),
	(103,14,'cond','ENUM',0,0,0,2,0,0,0,0,0,0,0,'','適用条件',NULL,NULL,(strftime('%s', 'now') * 1000)),
	(104,14,'condParam','STRING',0,0,0,0,0,0,1,0,0,0,0,'','適用条件パラメータ',NULL,NULL,(strftime('%s', 'now') * 1000)),
	(105,14,'textColor','STRING',0,0,0,0,0,0,1,0,0,0,0,'','前景色',NULL,NULL,(strftime('%s', 'now') * 1000)),
	(106,14,'backgroundColor','STRING',0,0,0,0,0,0,1,0,0,0,0,'','背景色',NULL,NULL,(strftime('%s', 'now') * 1000)),
	(107,14,'backgroundImage','STRING',0,0,0,0,0,0,1,0,0,0,0,'','背景画像URL',NULL,NULL,(strftime('%s', 'now') * 1000)),
	(108,14,'borderLeft','STRING',0,0,0,0,0,0,1,0,0,0,0,'','ボーダーサイズ(Length)（左）',NULL,NULL,(strftime('%s', 'now') * 1000)),
	(109,14,'borderTop','STRING',0,0,0,0,0,0,1,0,0,0,0,'','ボーダーサイズ(Length)（上）',NULL,NULL,(strftime('%s', 'now') * 1000)),
	(110,14,'borderRight','STRING',0,0,0,0,0,0,1,0,0,0,0,'','ボーダーサイズ(Length)（右）',NULL,NULL,(strftime('%s', 'now') * 1000)),
	(111,14,'borderBottom','STRING',0,0,0,0,0,0,1,0,0,0,0,'','ボーダーサイズ(Length)（下）',NULL,NULL,(strftime('%s', 'now') * 1000)),
	(112,14,'borderColor','STRING',0,0,0,0,0,0,1,0,0,0,0,'','ボーダー色',NULL,NULL,(strftime('%s', 'now') * 1000)),
	(113,14,'borderImage','STRING',0,0,0,0,0,0,1,0,0,0,0,'','ボーダー画像URL',NULL,NULL,(strftime('%s', 'now') * 1000)),
	(114,14,'fontSize','STRING',0,0,0,0,0,0,1,0,0,0,0,'','フォントサイズ(Length)',NULL,NULL,(strftime('%s', 'now') * 1000)),
	(115,14,'fontFamily','STRING',0,0,0,0,0,0,1,0,0,0,0,'','フォントの種類',NULL,NULL,(strftime('%s', 'now') * 1000)),
	(116,14,'lineHeight','STRING',0,0,0,0,0,0,1,0,0,0,0,'','行の高さ(Length)',NULL,NULL,(strftime('%s', 'now') * 1000)),
	(117,14,'textAlign','STRING',0,0,0,0,0,0,1,0,0,0,0,'','行の揃え位置',NULL,NULL,(strftime('%s', 'now') * 1000)),
	(118,14,'verticalAlign','STRING',0,0,0,0,0,0,1,0,0,0,0,'','縦方向の揃え位置',NULL,NULL,(strftime('%s', 'now') * 1000)),
	(119,15,'localeId','STRING',0,0,0,0,0,1,0,0,0,0,0,'','ロケールID','','',(strftime('%s', 'now') * 1000)),
	(120,15,'owner','REF',0,0,1,0,0,0,0,0,0,0,0,'','所属プロジェクト',NULL,NULL,(strftime('%s', 'now') * 1000)),
	(121,15,'title','STRING',0,0,0,0,0,0,0,0,0,0,0,'','タイトル',NULL,NULL,(strftime('%s', 'now') * 1000)),
	(122,15,'description','STRING',0,0,0,0,0,0,0,0,0,0,0,'','説明',NULL,NULL,(strftime('%s', 'now') * 1000)),
	(123,16,'otameshiId','KEY',0,0,0,0,0,1,0,0,0,0,0,'','お試しId','お試しIdです','お試しが終わったら消す事',(strftime('%s', 'now') * 1000)),
	(124,16,'owner','REF',0,0,16,0,0,0,0,0,0,0,0,'','','',NULL,(strftime('%s', 'now') * 1000)),
	(125,16,'children','SET',0,0,0,0,124,0,0,0,0,0,0,'','','',NULL,(strftime('%s', 'now') * 1000)),
	(126,16,'related','REF',0,0,16,0,0,0,0,0,0,0,0,'','','',NULL,(strftime('%s', 'now') * 1000)),
	(127,16,'relations','SET',0,0,0,0,126,0,0,0,0,0,0,'','','',NULL,(strftime('%s', 'now') * 1000)),
	(128,16,'booleanValue','BOOLEAN',0,0,0,0,0,0,0,0,0,0,0,'','booleanValue','booleanValueです','お試しが終わったら消す事',(strftime('%s', 'now') * 1000)),
	(129,16,'byteValue','INTEGER',8,0,0,0,0,0,0,1,0,0,0,'','',NULL,'お試しが終わったら消す事',(strftime('%s', 'now') * 1000)),
	(130,16,'shortValue','INTEGER',16,0,0,0,0,0,0,0,1,0,0,'','shortValue',NULL,'お試しが終わったら消す事',(strftime('%s', 'now') * 1000)),
	(131,16,'intValue','INTEGER',32,0,0,0,0,0,0,0,0,1,0,'','intValue','intValueです','お試しが終わったら消す事',(strftime('%s', 'now') * 1000)),
	(132,16,'nullableValue','INTEGER',32,0,0,0,0,0,1,0,0,0,1,'','nullableValue','nullableValueです','お試しが終わったら消す事',(strftime('%s', 'now') * 1000)),
	(133,16,'longValue','INTEGER',64,0,0,0,0,0,0,1,1,1,1,'','longValue','longValueです','お試しが終わったら消す事',(strftime('%s', 'now') * 1000)),
	(134,16,'floatValue','REAL',32,0,0,0,0,0,0,1,1,0,0,'','floatValue','floatValueです','お試しが終わったら消す事',(strftime('%s', 'now') * 1000)),
	(135,16,'doubleValue','REAL',64,0,0,0,0,0,0,0,0,1,1,'','doubleValue',NULL,'お試しが終わったら消す事',(strftime('%s', 'now') * 1000)),
	(136,16,'numericValue','NUMERIC',10,3,0,0,0,0,0,1,1,1,1,'','','numericValueです','お試しが終わったら消す事',(strftime('%s', 'now') * 1000)),
	(137,16,'dateValue','DATE',0,0,0,0,0,0,0,0,0,1,1,'','dateValue','dateValueです','お試しが終わったら消す事',(strftime('%s', 'now') * 1000)),
	(138,16,'strValue','STRING',0,0,0,0,0,0,0,0,0,0,0,'','strValue','strValueです','お試しが終わったら消す事',(strftime('%s', 'now') * 1000)),
	(139,17,'namiheiId','KEY',0,0,0,0,0,1,0,0,0,0,0,'','namiheiId','namiheiIdです','',(strftime('%s', 'now') * 1000)),
	(140,17,'name','STRING',0,0,0,0,0,0,0,0,0,0,0,'','name','nameです',NULL,(strftime('%s', 'now') * 1000)),
	(141,18,'sazaeId','KEY',0,0,0,0,0,1,0,0,0,0,0,'','','','',(strftime('%s', 'now') * 1000)),
	(142,18,'owner','REF',0,0,17,0,0,1,0,0,0,0,0,'','',NULL,NULL,(strftime('%s', 'now') * 1000)),
	(143,18,'name','STRING',0,0,0,0,0,0,0,0,0,0,0,'','name','nameです',NULL,(strftime('%s', 'now') * 1000)),
	(144,19,'katsuoId','KEY',0,0,0,0,0,1,0,0,0,0,0,'','','','',(strftime('%s', 'now') * 1000)),
	(145,19,'owner','REF',0,0,17,0,0,1,0,0,0,0,0,'','',NULL,NULL,(strftime('%s', 'now') * 1000)),
	(146,19,'name','STRING',0,0,0,0,0,0,0,0,0,0,0,'','name','nameです',NULL,(strftime('%s', 'now') * 1000)),
	(147,20,'wakameId','KEY',0,0,0,0,0,1,0,0,0,0,0,'','','','',(strftime('%s', 'now') * 1000)),
	(148,20,'owner','REF',0,0,17,0,0,1,0,0,0,0,0,'','',NULL,NULL,(strftime('%s', 'now') * 1000)),
	(149,20,'name','STRING',0,0,0,0,0,0,0,0,0,0,0,'','name','nameです',NULL,(strftime('%s', 'now') * 1000)),
	(150,21,'taraId','KEY',0,0,0,0,0,1,0,0,0,0,0,'','','','',(strftime('%s', 'now') * 1000)),
	(151,21,'owner','REF',0,0,18,0,0,1,0,0,0,0,0,'','',NULL,NULL,(strftime('%s', 'now') * 1000)),
	(152,21,'name','STRING',0,0,0,0,0,0,0,0,0,0,0,'','name','nameです',NULL,(strftime('%s', 'now') * 1000))
ON CONFLICT DO NOTHING;
INSERT INTO T_FIELD_I18N (
	F_OWNER_FIELD_ID,
	F_TARGET_LOCALE_ID,
	F_FORMAT,
	F_TITLE,
	F_DESCRIPTION,
	F__LAST_UPDATED_AT
) VALUES
	(1,'ja','','プロジェクトID','',(strftime('%s', 'now') * 1000)),
	(2,'ja','','プロジェクト名','',(strftime('%s', 'now') * 1000)),
	(3,'ja','','gradleサブプロジェクト名','',(strftime('%s', 'now') * 1000)),
	(4,'ja','','タイトル',NULL,(strftime('%s', 'now') * 1000)),
	(5,'ja','','説明',NULL,(strftime('%s', 'now') * 1000)),
	(6,'ja','','メモ',NULL,(strftime('%s', 'now') * 1000)),
	(7,'ja','','著作権',NULL,(strftime('%s', 'now') * 1000)),
	(8,'ja','','クラス一覧',NULL,(strftime('%s', 'now') * 1000)),
	(9,'ja','','列挙一覧',NULL,(strftime('%s', 'now') * 1000)),
	(10,'ja','','メッセージ一覧',NULL,(strftime('%s', 'now') * 1000)),
	(11,'ja','','スタイル一覧',NULL,(strftime('%s', 'now') * 1000)),
	(12,'ja','','ロケール一覧',NULL,(strftime('%s', 'now') * 1000)),
	(13,'ja','','I18n一覧',NULL,(strftime('%s', 'now') * 1000)),
	(14,'ja','','所属プロジェクト','',(strftime('%s', 'now') * 1000)),
	(15,'ja','','対象ロケール',NULL,(strftime('%s', 'now') * 1000)),
	(16,'ja','','タイトル',NULL,(strftime('%s', 'now') * 1000)),
	(17,'ja','','説明',NULL,(strftime('%s', 'now') * 1000)),
	(18,'ja','','クラスID','',(strftime('%s', 'now') * 1000)),
	(19,'ja','','所属プロジェクト','',(strftime('%s', 'now') * 1000)),
	(20,'ja','','クラス名','',(strftime('%s', 'now') * 1000)),
	(21,'ja','','オーダー式','デフォルトの表示順を表す式',(strftime('%s', 'now') * 1000)),
	(22,'ja','','タイトル表示式','オブジェクトのタイトルを表現する式',(strftime('%s', 'now') * 1000)),
	(23,'ja','','タイトル',NULL,(strftime('%s', 'now') * 1000)),
	(24,'ja','','説明',NULL,(strftime('%s', 'now') * 1000)),
	(25,'ja','','メモ',NULL,(strftime('%s', 'now') * 1000)),
	(26,'ja','','フィールド一覧',NULL,(strftime('%s', 'now') * 1000)),
	(27,'ja','','クエリー一覧',NULL,(strftime('%s', 'now') * 1000)),
	(28,'ja','','I18n一覧',NULL,(strftime('%s', 'now') * 1000)),
	(29,'ja','','所属クラス','',(strftime('%s', 'now') * 1000)),
	(30,'ja','','対象ロケール',NULL,(strftime('%s', 'now') * 1000)),
	(31,'ja','','タイトル',NULL,(strftime('%s', 'now') * 1000)),
	(32,'ja','','説明',NULL,(strftime('%s', 'now') * 1000)),
	(33,'ja','','フィールドID','',(strftime('%s', 'now') * 1000)),
	(34,'ja','','所属クラス','',(strftime('%s', 'now') * 1000)),
	(35,'ja','','フィールド名',NULL,(strftime('%s', 'now') * 1000)),
	(36,'ja','','フィールド型',NULL,(strftime('%s', 'now') * 1000)),
	(37,'ja','','フィールド型の幅',NULL,(strftime('%s', 'now') * 1000)),
	(38,'ja','','フィールド型精度',NULL,(strftime('%s', 'now') * 1000)),
	(39,'ja','','クラス参照先',NULL,(strftime('%s', 'now') * 1000)),
	(40,'ja','','列挙参照先',NULL,(strftime('%s', 'now') * 1000)),
	(41,'ja','','フィールド参照先',NULL,(strftime('%s', 'now') * 1000)),
	(42,'ja','','プライマリキー',NULL,(strftime('%s', 'now') * 1000)),
	(43,'ja','','NULL許容',NULL,(strftime('%s', 'now') * 1000)),
	(44,'ja','','要合計値',NULL,(strftime('%s', 'now') * 1000)),
	(45,'ja','','要平均値',NULL,(strftime('%s', 'now') * 1000)),
	(46,'ja','','要最大値',NULL,(strftime('%s', 'now') * 1000)),
	(47,'ja','','要最小値',NULL,(strftime('%s', 'now') * 1000)),
	(48,'ja','','書式','画面用項目書式',(strftime('%s', 'now') * 1000)),
	(49,'ja','','タイトル',NULL,(strftime('%s', 'now') * 1000)),
	(50,'ja','','説明',NULL,(strftime('%s', 'now') * 1000)),
	(51,'ja','','メモ',NULL,(strftime('%s', 'now') * 1000)),
	(52,'ja','','I18n一覧',NULL,(strftime('%s', 'now') * 1000)),
	(53,'ja','','所属フィールド','',(strftime('%s', 'now') * 1000)),
	(54,'ja','','対象ロケール',NULL,(strftime('%s', 'now') * 1000)),
	(55,'ja','','書式',NULL,(strftime('%s', 'now') * 1000)),
	(56,'ja','','タイトル',NULL,(strftime('%s', 'now') * 1000)),
	(57,'ja','','説明',NULL,(strftime('%s', 'now') * 1000)),
	(58,'ja','','クエリーID','',(strftime('%s', 'now') * 1000)),
	(59,'ja','','所属クラス','',(strftime('%s', 'now') * 1000)),
	(60,'ja','','クエリー名',NULL,(strftime('%s', 'now') * 1000)),
	(61,'ja','','抽出条件','抽出条件を式形式で記載する',(strftime('%s', 'now') * 1000)),
	(62,'ja','','ソート条件','ソート条件を式形式で記載する',(strftime('%s', 'now') * 1000)),
	(63,'ja','','タイトル',NULL,(strftime('%s', 'now') * 1000)),
	(64,'ja','','説明',NULL,(strftime('%s', 'now') * 1000)),
	(65,'ja','','メモ',NULL,(strftime('%s', 'now') * 1000)),
	(66,'ja','','列挙ID','',(strftime('%s', 'now') * 1000)),
	(67,'ja','','所属プロジェクト','',(strftime('%s', 'now') * 1000)),
	(68,'ja','','列挙名',NULL,(strftime('%s', 'now') * 1000)),
	(69,'ja','','文字列エンコード','文字列エンコードする場合、真',(strftime('%s', 'now') * 1000)),
	(70,'ja','','タイトル',NULL,(strftime('%s', 'now') * 1000)),
	(71,'ja','','説明',NULL,(strftime('%s', 'now') * 1000)),
	(72,'ja','','メモ',NULL,(strftime('%s', 'now') * 1000)),
	(73,'ja','','列挙値一覧','',(strftime('%s', 'now') * 1000)),
	(74,'ja','','I18n一覧',NULL,(strftime('%s', 'now') * 1000)),
	(75,'ja','','所属列挙','',(strftime('%s', 'now') * 1000)),
	(76,'ja','','対象ロケール',NULL,(strftime('%s', 'now') * 1000)),
	(77,'ja','','タイトル',NULL,(strftime('%s', 'now') * 1000)),
	(78,'ja','','説明',NULL,(strftime('%s', 'now') * 1000)),
	(79,'ja','','所属列挙','',(strftime('%s', 'now') * 1000)),
	(80,'ja','','列挙名','',(strftime('%s', 'now') * 1000)),
	(81,'ja','','列挙コード',NULL,(strftime('%s', 'now') * 1000)),
	(82,'ja','','タイトル',NULL,(strftime('%s', 'now') * 1000)),
	(83,'ja','','説明',NULL,(strftime('%s', 'now') * 1000)),
	(84,'ja','','メモ',NULL,(strftime('%s', 'now') * 1000)),
	(85,'ja','','I18n一覧',NULL,(strftime('%s', 'now') * 1000)),
	(86,'ja','','所属列挙値','',(strftime('%s', 'now') * 1000)),
	(87,'ja','','対象ロケール',NULL,(strftime('%s', 'now') * 1000)),
	(88,'ja','','タイトル',NULL,(strftime('%s', 'now') * 1000)),
	(89,'ja','','説明',NULL,(strftime('%s', 'now') * 1000)),
	(90,'ja','','メッセージID','',(strftime('%s', 'now') * 1000)),
	(91,'ja','','所属プロジェクト','',(strftime('%s', 'now') * 1000)),
	(92,'ja','','メッセージ名','',(strftime('%s', 'now') * 1000)),
	(93,'ja','','メッセージ',NULL,(strftime('%s', 'now') * 1000)),
	(94,'ja','','I18n一覧',NULL,(strftime('%s', 'now') * 1000)),
	(95,'ja','','所属列挙値','',(strftime('%s', 'now') * 1000)),
	(96,'ja','','対象ロケール',NULL,(strftime('%s', 'now') * 1000)),
	(97,'ja',NULL,'メッセージ',NULL,(strftime('%s', 'now') * 1000)),
	(98,'ja',NULL,'スタイルID','',(strftime('%s', 'now') * 1000)),
	(99,'ja',NULL,'所属プロジェクト',NULL,(strftime('%s', 'now') * 1000)),
	(100,'ja',NULL,'スタイル名',NULL,(strftime('%s', 'now') * 1000)),
	(101,'ja',NULL,'派生スタイル',NULL,(strftime('%s', 'now') * 1000)),
	(102,'ja',NULL,'基底スタイル',NULL,(strftime('%s', 'now') * 1000)),
	(103,'ja',NULL,'適用条件',NULL,(strftime('%s', 'now') * 1000)),
	(104,'ja',NULL,'適用条件パラメータ',NULL,(strftime('%s', 'now') * 1000)),
	(105,'ja',NULL,'前景色',NULL,(strftime('%s', 'now') * 1000)),
	(106,'ja',NULL,'背景色',NULL,(strftime('%s', 'now') * 1000)),
	(107,'ja',NULL,'背景画像URL',NULL,(strftime('%s', 'now') * 1000)),
	(108,'ja',NULL,'ボーダーサイズ(Length)（左）',NULL,(strftime('%s', 'now') * 1000)),
	(109,'ja',NULL,'ボーダーサイズ(Length)（上）',NULL,(strftime('%s', 'now') * 1000)),
	(110,'ja',NULL,'ボーダーサイズ(Length)（右）',NULL,(strftime('%s', 'now') * 1000)),
	(111,'ja',NULL,'ボーダーサイズ(Length)（下）',NULL,(strftime('%s', 'now') * 1000)),
	(112,'ja',NULL,'ボーダー色',NULL,(strftime('%s', 'now') * 1000)),
	(113,'ja',NULL,'ボーダー画像URL',NULL,(strftime('%s', 'now') * 1000)),
	(114,'ja',NULL,'フォントサイズ(Length)',NULL,(strftime('%s', 'now') * 1000)),
	(115,'ja',NULL,'フォントの種類',NULL,(strftime('%s', 'now') * 1000)),
	(116,'ja',NULL,'行の高さ(Length)',NULL,(strftime('%s', 'now') * 1000)),
	(117,'ja',NULL,'行の揃え位置',NULL,(strftime('%s', 'now') * 1000)),
	(118,'ja',NULL,'縦方向の揃え位置',NULL,(strftime('%s', 'now') * 1000)),
	(119,'ja',NULL,'ロケールID','',(strftime('%s', 'now') * 1000)),
	(120,'ja',NULL,'所属プロジェクト',NULL,(strftime('%s', 'now') * 1000)),
	(121,'ja',NULL,'タイトル',NULL,(strftime('%s', 'now') * 1000)),
	(122,'ja',NULL,'説明',NULL,(strftime('%s', 'now') * 1000))
ON CONFLICT DO NOTHING;
INSERT INTO T_QUERY (
	F_QUERY_ID,
	F_OWNER_CLASS_ID,
	F_QUERY_NAME,
	F_FILTER,
	F_ORDER,
	F_TITLE,
	F_DESCRIPTION,
	F_NOTE,
	F__LAST_UPDATED_AT
) VALUES
	(1,1,'nameIs','projectName == $name','','名前',NULL,NULL,(strftime('%s', 'now') * 1000)),
	(2,3,'nameIs','className == $name','','名前',NULL,NULL,(strftime('%s', 'now') * 1000)),
	(3,5,'nameIs','fieldName == $name','','名前',NULL,NULL,(strftime('%s', 'now') * 1000)),
	(4,8,'nameIs','enumName == $name','','名前',NULL,NULL,(strftime('%s', 'now') * 1000)),
	(5,16,'startsFoo','owner.strValue =% ''Foo%'' && owner.owner.strValue =% ''%Bar''','','条件：父がFooで始まり祖父がBarで終わる',NULL,NULL,(strftime('%s', 'now') * 1000)),
	(6,21,'containSazae','owner.name =% ''%サザエ%'' && owner.owner.name =~ ''^[0-9]*$''','','条件：父がサザエを含み祖父が数字',NULL,NULL,(strftime('%s', 'now') * 1000))
ON CONFLICT DO NOTHING;
INSERT INTO T_ENUM (
	F_ENUM_ID,
	F_OWNER_PROJECT_ID,
	F_ENUM_NAME,
	F_ENCODE_STRING,
	F_TITLE,
	F_DESCRIPTION,
	F_NOTE,
	F__LAST_UPDATED_AT
) VALUES
	(1,1,'DataType',1,'データ型',NULL,NULL,(strftime('%s', 'now') * 1000)),
	(2,1,'StyleCondition',0,'スタイル条件',NULL,NULL,(strftime('%s', 'now') * 1000))
ON CONFLICT DO NOTHING;
INSERT INTO T_ENUM_I18N (
	F_OWNER_ENUM_ID,
	F_TARGET_LOCALE_ID,
	F_TITLE,
	F_DESCRIPTION,
	F__LAST_UPDATED_AT
) VALUES
	(1,'ja','データ型','データ型',(strftime('%s', 'now') * 1000)),
	(2,'ja','スタイル条件','スタイル条件',(strftime('%s', 'now') * 1000))
ON CONFLICT DO NOTHING;
INSERT INTO T_ENUM_VALUE (
	F_OWNER_ENUM_ID,
	F_VALUE_ID,
	F_CODE,
	F_TITLE,
	F_DESCRIPTION,
	F_NOTE,
	F__LAST_UPDATED_AT
) VALUES
	(2,'BASE',1,'基本状態',NULL,NULL,(strftime('%s', 'now') * 1000)),
	(2,'DISABLE',2,'無効状態',NULL,NULL,(strftime('%s', 'now') * 1000)),
	(2,'FOCUS',3,'フォーカス状態',NULL,NULL,(strftime('%s', 'now') * 1000)),
	(2,'CLICKING',4,'クリック中',NULL,NULL,(strftime('%s', 'now') * 1000)),
	(2,'NAMED',5,'UIノード名限定',NULL,NULL,(strftime('%s', 'now') * 1000)),
	(1,'KEY',10,'（自動）キー',NULL,NULL,(strftime('%s', 'now') * 1000)),
	(1,'REF',11,'クラス参照型',NULL,NULL,(strftime('%s', 'now') * 1000)),
	(1,'ENUM',12,'列挙参照型',NULL,NULL,(strftime('%s', 'now') * 1000)),
	(1,'SET',13,'集合（被参照）型',NULL,NULL,(strftime('%s', 'now') * 1000)),
	(1,'ENUM_VALUE',14,'列挙値型',NULL,'内部用。モデル定義での使用不可',(strftime('%s', 'now') * 1000)),
	(1,'BOOLEAN',20,'真偽値',NULL,NULL,(strftime('%s', 'now') * 1000)),
	(1,'INTEGER',30,'整数',NULL,NULL,(strftime('%s', 'now') * 1000)),
	(1,'REAL',40,'浮動小数',NULL,NULL,(strftime('%s', 'now') * 1000)),
	(1,'NUMERIC',50,'１０進小数',NULL,NULL,(strftime('%s', 'now') * 1000)),
	(1,'DATE',60,'日付・時刻',NULL,NULL,(strftime('%s', 'now') * 1000)),
	(1,'STRING',70,'文字列',NULL,NULL,(strftime('%s', 'now') * 1000))
ON CONFLICT DO NOTHING;
INSERT INTO T_ENUM_VALUE_I18N (
	F_OWNER_OWNER_ENUM_ID,
	F_OWNER_VALUE_ID,
	F_TARGET_LOCALE_ID,
	F_TITLE,
	F_DESCRIPTION,
	F__LAST_UPDATED_AT
) VALUES
	(2,'CUSTOM','ja','特殊状態',NULL,(strftime('%s', 'now') * 1000)),
	(2,'BASE','ja','基本状態',NULL,(strftime('%s', 'now') * 1000)),
	(2,'DISABLE','ja','無効状態',NULL,(strftime('%s', 'now') * 1000)),
	(2,'FOCUS','ja','フォーカス状態',NULL,(strftime('%s', 'now') * 1000)),
	(2,'CLICKING','ja','クリック中',NULL,(strftime('%s', 'now') * 1000)),
	(2,'NAMED','ja','UIノード名限定',NULL,(strftime('%s', 'now') * 1000)),
	(1,'KEY','ja','（自動）キー',NULL,(strftime('%s', 'now') * 1000)),
	(1,'REF','ja','クラス参照型',NULL,(strftime('%s', 'now') * 1000)),
	(1,'ENUM','ja','列挙参照型',NULL,(strftime('%s', 'now') * 1000)),
	(1,'SET','ja','集合（被参照）型',NULL,(strftime('%s', 'now') * 1000)),
	(1,'ENUM_VALUE','ja','列挙値型',NULL,(strftime('%s', 'now') * 1000)),
	(1,'BOOLEAN','ja','真偽値',NULL,(strftime('%s', 'now') * 1000)),
	(1,'INTEGER','ja','整数',NULL,(strftime('%s', 'now') * 1000)),
	(1,'REAL','ja','浮動小数',NULL,(strftime('%s', 'now') * 1000)),
	(1,'NUMERIC','ja','１０進小数',NULL,(strftime('%s', 'now') * 1000)),
	(1,'DATE','ja','日付・時刻',NULL,(strftime('%s', 'now') * 1000)),
	(1,'STRING','ja','文字列',NULL,(strftime('%s', 'now') * 1000))
ON CONFLICT DO NOTHING;
INSERT INTO T_MESSAGE (
	F_MESSAGE_ID,
	F_OWNER_PROJECT_ID,
	F_MESSAGE_NAME,
	F_MESSAGE,
	F__LAST_UPDATED_AT
) VALUES
	(1,1,'hello','こんにちは',(strftime('%s', 'now') * 1000)),
	(2,1,'bye','さようなら',(strftime('%s', 'now') * 1000))
ON CONFLICT DO NOTHING;
INSERT INTO T_MESSAGE_I18N (
	F_OWNER_MESSAGE_ID,
	F_TARGET_LOCALE_ID,
	F_MESSAGE,
	F__LAST_UPDATED_AT
) VALUES
	(1,'ja','こんにちは',(strftime('%s', 'now') * 1000)),
	(1,'en','hello',(strftime('%s', 'now') * 1000)),
	(2,'ja','さようなら',(strftime('%s', 'now') * 1000)),
	(2,'en','good bye',(strftime('%s', 'now') * 1000))
ON CONFLICT DO NOTHING;
INSERT INTO T_STYLE (
	F_STYLE_ID,
	F_OWNER_PROJECT_ID,
	F_NAME,
	F_PARENT_STYLE_ID,
	F_COND,
	F_COND_PARAM,
	F_TEXT_COLOR,
	F_BACKGROUND_COLOR,
	F_BACKGROUND_IMAGE,
	F_BORDER_LEFT,
	F_BORDER_TOP,
	F_BORDER_RIGHT,
	F_BORDER_BOTTOM,
	F_BORDER_COLOR,
	F_BORDER_IMAGE,
	F_FONT_SIZE,
	F_FONT_FAMILY,
	F_LINE_HEIGHT,
	F_TEXT_ALIGN,
	F_VERTICAL_ALIGN,
	F__LAST_UPDATED_AT
) VALUES
	(1,1,'field',0,0,'','black','transparent','','4px','4px','4px','4px','black','image/rrect-bw.png','12pt','','','left','middle',(strftime('%s', 'now') * 1000)),
	(4,1,'fieldClicking',1,0,NULL,NULL,NULL,NULL,NULL,NULL,NULL,NULL,NULL,'image/rrect-yp.png',NULL,NULL,NULL,NULL,NULL,(strftime('%s', 'now') * 1000)),
	(2,1,'fieldDisable',1,0,NULL,NULL,NULL,NULL,NULL,NULL,NULL,NULL,NULL,'image/rrect-bs.png',NULL,NULL,NULL,NULL,NULL,(strftime('%s', 'now') * 1000)),
	(3,1,'fieldFocus',1,0,NULL,NULL,NULL,NULL,NULL,NULL,NULL,NULL,NULL,'image/rrect-yw.png',NULL,NULL,NULL,NULL,NULL,(strftime('%s', 'now') * 1000)),
	(5,1,'group',0,0,'',NULL,'#CC808080',NULL,'0px','0px','0px','0px',NULL,NULL,NULL,NULL,NULL,'','',(strftime('%s', 'now') * 1000)),
	(6,1,'groupSplitter',5,0,'splitter',NULL,'silver',NULL,'1px','1px','1px','1px','pink',NULL,NULL,NULL,NULL,'','',(strftime('%s', 'now') * 1000)),
	(7,1,'sb',0,0,NULL,NULL,'gray',NULL,'2px','2px','2px','2px','pink',NULL,NULL,NULL,NULL,NULL,NULL,(strftime('%s', 'now') * 1000)),
	(9,1,'sbFocus',8,0,NULL,NULL,'orange',NULL,NULL,NULL,NULL,NULL,NULL,NULL,NULL,NULL,NULL,NULL,NULL,(strftime('%s', 'now') * 1000)),
	(8,1,'sbInner',7,0,'thumb',NULL,'white',NULL,'0px','0px','0px','0px',NULL,NULL,NULL,NULL,NULL,NULL,NULL,(strftime('%s', 'now') * 1000)),
	(10,1,'transparent',0,0,NULL,'transparent','transparent',NULL,'0px','0px','0px','0px',NULL,NULL,NULL,NULL,NULL,NULL,NULL,(strftime('%s', 'now') * 1000))
ON CONFLICT DO NOTHING;
INSERT INTO T_LOCALE (
	F_LOCALE_ID,
	F_OWNER_PROJECT_ID,
	F_TITLE,
	F_DESCRIPTION,
	F__LAST_UPDATED_AT
) VALUES
	('en_US',1,'engish(united status of ameria)','',(strftime('%s', 'now') * 1000)),
	('en',1,'english','',(strftime('%s', 'now') * 1000)),
	('ja',1,'japanease','',(strftime('%s', 'now') * 1000)),
	('ja_JP',1,'japanease(japan)','',(strftime('%s', 'now') * 1000))
ON CONFLICT DO NOTHING;
PRAGMA foreign_keys = true;
